seed [1995, 1996, 1997, 1998]
devices_type ['0']
2026-02-13 20:19:13,531 [trainer.py] => config: ./exps/sdlora_inr.json
2026-02-13 20:19:13,531 [trainer.py] => seed: 1995
2026-02-13 20:19:13,531 [trainer.py] => prefix: reproduce
2026-02-13 20:19:13,531 [trainer.py] => dataset: imagenetr
2026-02-13 20:19:13,531 [trainer.py] => memory_size: 0
2026-02-13 20:19:13,531 [trainer.py] => memory_per_class: 0
2026-02-13 20:19:13,531 [trainer.py] => fixed_memory: False
2026-02-13 20:19:13,531 [trainer.py] => shuffle: True
2026-02-13 20:19:13,531 [trainer.py] => init_cls: 20
2026-02-13 20:19:13,531 [trainer.py] => increment: 20
2026-02-13 20:19:13,531 [trainer.py] => model_name: sdlora
2026-02-13 20:19:13,531 [trainer.py] => backbone_type: vit_base_patch16_224
2026-02-13 20:19:13,531 [trainer.py] => device: [device(type='cuda', index=0)]
2026-02-13 20:19:13,532 [trainer.py] => optimizer: adam
2026-02-13 20:19:13,532 [trainer.py] => scheduler: constant
2026-02-13 20:19:13,532 [trainer.py] => filepath: ./checkpoints/ImageNetR3/
2026-02-13 20:19:13,532 [trainer.py] => init_epoch: 20
2026-02-13 20:19:13,532 [trainer.py] => init_lr: 0.01
2026-02-13 20:19:13,532 [trainer.py] => init_milestones: [10000]
2026-02-13 20:19:13,532 [trainer.py] => init_lr_decay: 0
2026-02-13 20:19:13,532 [trainer.py] => init_weight_decay: 0.0005
2026-02-13 20:19:13,532 [trainer.py] => epochs: 20
2026-02-13 20:19:13,532 [trainer.py] => lrate: 0.01
2026-02-13 20:19:13,532 [trainer.py] => milestones: [10000]
2026-02-13 20:19:13,532 [trainer.py] => lrate_decay: 0
2026-02-13 20:19:13,532 [trainer.py] => batch_size: 128
2026-02-13 20:19:13,532 [trainer.py] => weight_decay: 0.0002
2026-02-13 20:19:13,588 [data_manager.py] => [146, 198, 169, 126, 142, 183, 108, 86, 79, 35, 112, 29, 0, 2, 59, 178, 143, 31, 147, 33, 123, 114, 194, 54, 138, 75, 158, 26, 131, 141, 180, 132, 22, 49, 116, 111, 24, 98, 107, 89, 151, 83, 185, 15, 27, 136, 65, 1, 82, 87, 99, 153, 47, 144, 145, 175, 155, 77, 191, 199, 46, 28, 76, 71, 93, 137, 5, 188, 187, 74, 103, 173, 18, 80, 88, 48, 109, 81, 91, 101, 43, 102, 61, 182, 3, 14, 40, 42, 167, 66, 57, 73, 135, 39, 45, 184, 161, 85, 148, 121, 8, 195, 21, 4, 106, 133, 118, 10, 176, 50, 36, 192, 162, 172, 96, 197, 20, 117, 140, 186, 92, 97, 44, 149, 13, 37, 170, 25, 181, 171, 23, 104, 189, 11, 159, 67, 94, 68, 55, 6, 150, 165, 120, 139, 72, 154, 115, 125, 53, 58, 16, 113, 41, 190, 174, 127, 110, 7, 38, 32, 95, 19, 196, 51, 78, 34, 122, 152, 119, 134, 129, 130, 128, 17, 30, 90, 124, 160, 100, 193, 12, 56, 64, 168, 105, 63, 177, 70, 60, 163, 9, 62, 156, 52, 84, 157, 69, 179, 166, 164]
!!!!!!! multiple_gpus [device(type='cuda', index=0)]
This is for the BaseNet initialization.
2026-02-13 20:19:14,986 [_builder.py] => Loading pretrained weights from Hugging Face hub (timm/vit_base_patch16_224.augreg2_in21k_ft_in1k)
2026-02-13 20:19:26,049 [_hub.py] => [timm/vit_base_patch16_224.augreg2_in21k_ft_in1k] Safe alternative available for 'pytorch_model.bin' (as 'model.safetensors'). Loading weights using safetensors.
save_file ./checkpoints/ImageNetR3/
Initialize task-id and curtask id
After BaseNet initialization.
task 0
2026-02-13 20:19:26,473 [trainer.py] => All params: 171965973
2026-02-13 20:19:26,474 [trainer.py] => Trainable params: 368661
2026-02-13 20:19:26,474 [sdlora.py] => Learning on 0-20

  0%|          | 0/20 [00:00<?, ?it/s]
Task 0, Epoch 1/20 => Loss 2.099, Train_accy 43.61, Test_accy 79.09:   0%|          | 0/20 [00:11<?, ?it/s]
Task 0, Epoch 1/20 => Loss 2.099, Train_accy 43.61, Test_accy 79.09:   5%|▌         | 1/20 [00:11<03:34, 11.27s/it]
Task 0, Epoch 2/20 => Loss 0.841, Train_accy 76.30:   5%|▌         | 1/20 [00:20<03:34, 11.27s/it]                 
Task 0, Epoch 2/20 => Loss 0.841, Train_accy 76.30:  10%|█         | 2/20 [00:20<03:04, 10.24s/it]
Task 0, Epoch 3/20 => Loss 0.652, Train_accy 81.44:  10%|█         | 2/20 [00:30<03:04, 10.24s/it]
Task 0, Epoch 3/20 => Loss 0.652, Train_accy 81.44:  15%|█▌        | 3/20 [00:30<02:49,  9.96s/it]
Task 0, Epoch 4/20 => Loss 0.521, Train_accy 85.26:  15%|█▌        | 3/20 [00:39<02:49,  9.96s/it]
Task 0, Epoch 4/20 => Loss 0.521, Train_accy 85.26:  20%|██        | 4/20 [00:39<02:36,  9.79s/it]
Task 0, Epoch 5/20 => Loss 0.478, Train_accy 86.65:  20%|██        | 4/20 [00:49<02:36,  9.79s/it]
Task 0, Epoch 5/20 => Loss 0.478, Train_accy 86.65:  25%|██▌       | 5/20 [00:49<02:25,  9.72s/it]
Task 0, Epoch 6/20 => Loss 0.424, Train_accy 87.46, Test_accy 90.11:  25%|██▌       | 5/20 [01:00<02:25,  9.72s/it]
Task 0, Epoch 6/20 => Loss 0.424, Train_accy 87.46, Test_accy 90.11:  30%|███       | 6/20 [01:00<02:23, 10.23s/it]
Task 0, Epoch 7/20 => Loss 0.422, Train_accy 88.11:  30%|███       | 6/20 [01:10<02:23, 10.23s/it]                 
Task 0, Epoch 7/20 => Loss 0.422, Train_accy 88.11:  35%|███▌      | 7/20 [01:10<02:10, 10.01s/it]
Task 0, Epoch 8/20 => Loss 0.385, Train_accy 89.46:  35%|███▌      | 7/20 [01:19<02:10, 10.01s/it]
Task 0, Epoch 8/20 => Loss 0.385, Train_accy 89.46:  40%|████      | 8/20 [01:19<01:58,  9.89s/it]
Task 0, Epoch 9/20 => Loss 0.355, Train_accy 90.04:  40%|████      | 8/20 [01:29<01:58,  9.89s/it]
Task 0, Epoch 9/20 => Loss 0.355, Train_accy 90.04:  45%|████▌     | 9/20 [01:29<01:47,  9.78s/it]
Task 0, Epoch 10/20 => Loss 0.329, Train_accy 91.08:  45%|████▌     | 9/20 [01:39<01:47,  9.78s/it]
Task 0, Epoch 10/20 => Loss 0.329, Train_accy 91.08:  50%|█████     | 10/20 [01:39<01:37,  9.71s/it]
Task 0, Epoch 11/20 => Loss 0.380, Train_accy 90.12, Test_accy 90.76:  50%|█████     | 10/20 [01:50<01:37,  9.71s/it]
Task 0, Epoch 11/20 => Loss 0.380, Train_accy 90.12, Test_accy 90.76:  55%|█████▌    | 11/20 [01:50<01:31, 10.17s/it]
Task 0, Epoch 12/20 => Loss 0.306, Train_accy 91.32:  55%|█████▌    | 11/20 [01:59<01:31, 10.17s/it]                 
Task 0, Epoch 12/20 => Loss 0.306, Train_accy 91.32:  60%|██████    | 12/20 [01:59<01:20, 10.01s/it]
Task 0, Epoch 13/20 => Loss 0.307, Train_accy 91.47:  60%|██████    | 12/20 [02:09<01:20, 10.01s/it]
Task 0, Epoch 13/20 => Loss 0.307, Train_accy 91.47:  65%|██████▌   | 13/20 [02:09<01:09,  9.87s/it]
Task 0, Epoch 14/20 => Loss 0.294, Train_accy 90.93:  65%|██████▌   | 13/20 [02:19<01:09,  9.87s/it]
Task 0, Epoch 14/20 => Loss 0.294, Train_accy 90.93:  70%|███████   | 14/20 [02:19<00:58,  9.79s/it]
Task 0, Epoch 15/20 => Loss 0.321, Train_accy 91.20:  70%|███████   | 14/20 [02:28<00:58,  9.79s/it]
Task 0, Epoch 15/20 => Loss 0.321, Train_accy 91.20:  75%|███████▌  | 15/20 [02:28<00:48,  9.73s/it]
Task 0, Epoch 16/20 => Loss 0.299, Train_accy 91.20, Test_accy 91.09:  75%|███████▌  | 15/20 [02:39<00:48,  9.73s/it]
Task 0, Epoch 16/20 => Loss 0.299, Train_accy 91.20, Test_accy 91.09:  80%|████████  | 16/20 [02:39<00:40, 10.19s/it]
Task 0, Epoch 17/20 => Loss 0.270, Train_accy 92.47:  80%|████████  | 16/20 [02:49<00:40, 10.19s/it]                 
Task 0, Epoch 17/20 => Loss 0.270, Train_accy 92.47:  85%|████████▌ | 17/20 [02:49<00:30, 10.07s/it]
Task 0, Epoch 18/20 => Loss 0.260, Train_accy 92.59:  85%|████████▌ | 17/20 [02:59<00:30, 10.07s/it]
Task 0, Epoch 18/20 => Loss 0.260, Train_accy 92.59:  90%|█████████ | 18/20 [02:59<00:20, 10.02s/it]
Task 0, Epoch 19/20 => Loss 0.284, Train_accy 91.70:  90%|█████████ | 18/20 [03:09<00:20, 10.02s/it]
Task 0, Epoch 19/20 => Loss 0.284, Train_accy 91.70:  95%|█████████▌| 19/20 [03:09<00:09,  9.94s/it]
Task 0, Epoch 20/20 => Loss 0.266, Train_accy 92.47:  95%|█████████▌| 19/20 [03:19<00:09,  9.94s/it]
Task 0, Epoch 20/20 => Loss 0.266, Train_accy 92.47: 100%|██████████| 20/20 [03:19<00:00,  9.89s/it]
Task 0, Epoch 20/20 => Loss 0.266, Train_accy 92.47: 100%|██████████| 20/20 [03:19<00:00,  9.96s/it]
2026-02-13 20:22:45,735 [sdlora.py] => Task 0, Epoch 20/20 => Loss 0.266, Train_accy 92.47
2026-02-13 20:22:46,254 [sdlora.py] => Saved task checkpoint to: ./checkpoints/ImageNetR3/ckpt_task_0.pt
2026-02-13 20:22:47,948 [trainer.py] => No NME accuracy.
2026-02-13 20:22:47,949 [trainer.py] => CNN: {'total': np.float64(91.57), '00-19': np.float64(91.57), 'old': 0, 'new': np.float64(91.57)}
2026-02-13 20:22:47,949 [trainer.py] => CNN top1 curve: [np.float64(91.57)]
2026-02-13 20:22:47,949 [trainer.py] => CNN top5 curve: [np.float64(97.24)]

Average Accuracy (CNN): 91.57
2026-02-13 20:22:47,949 [trainer.py] => Average Accuracy (CNN): 91.57 

task 1
2026-02-13 20:22:47,951 [trainer.py] => All params: 171981353
2026-02-13 20:22:47,951 [trainer.py] => Trainable params: 384041
2026-02-13 20:22:47,952 [sdlora.py] => Learning on 20-40
2026-02-13 20:22:48,749 [_builder.py] => Loading pretrained weights from Hugging Face hub (timm/vit_base_patch16_224.augreg2_in21k_ft_in1k)
2026-02-13 20:22:49,043 [_hub.py] => [timm/vit_base_patch16_224.augreg2_in21k_ft_in1k] Safe alternative available for 'pytorch_model.bin' (as 'model.safetensors'). Loading weights using safetensors.
/home/yongxi/work/sdlora/backbone/lora.py:345: FutureWarning: You are using `torch.load` with `weights_only=False` (the current default value), which uses the default pickle module implicitly. It is possible to construct malicious pickle data which will execute arbitrary code during unpickling (See https://github.com/pytorch/pytorch/blob/main/SECURITY.md#untrusted-models for more details). In a future release, the default value for `weights_only` will be flipped to `True`. This limits the functions that could be executed during unpickling. Arbitrary objects will no longer be allowed to be loaded via this mode unless they are explicitly allowlisted by the user via `torch.serialization.add_safe_globals`. We recommend you start setting `weights_only=True` for any use case where you don't have full control of the loaded file. Please open an issue on GitHub for any issues related to this experimental feature.
  saved_lora_A['saved_A_'+str(i)] = torch.load(file_path)
/home/yongxi/work/sdlora/backbone/lora.py:347: FutureWarning: You are using `torch.load` with `weights_only=False` (the current default value), which uses the default pickle module implicitly. It is possible to construct malicious pickle data which will execute arbitrary code during unpickling (See https://github.com/pytorch/pytorch/blob/main/SECURITY.md#untrusted-models for more details). In a future release, the default value for `weights_only` will be flipped to `True`. This limits the functions that could be executed during unpickling. Arbitrary objects will no longer be allowed to be loaded via this mode unless they are explicitly allowlisted by the user via `torch.serialization.add_safe_globals`. We recommend you start setting `weights_only=True` for any use case where you don't have full control of the loaded file. Please open an issue on GitHub for any issues related to this experimental feature.
  saved_lora_B['saved_B_'+str(i)] = torch.load(file_path)
save_file ./checkpoints/ImageNetR3/

  0%|          | 0/20 [00:00<?, ?it/s]/home/yongxi/work/sdlora/backbone/lora.py:492: FutureWarning: You are using `torch.load` with `weights_only=False` (the current default value), which uses the default pickle module implicitly. It is possible to construct malicious pickle data which will execute arbitrary code during unpickling (See https://github.com/pytorch/pytorch/blob/main/SECURITY.md#untrusted-models for more details). In a future release, the default value for `weights_only` will be flipped to `True`. This limits the functions that could be executed during unpickling. Arbitrary objects will no longer be allowed to be loaded via this mode unless they are explicitly allowlisted by the user via `torch.serialization.add_safe_globals`. We recommend you start setting `weights_only=True` for any use case where you don't have full control of the loaded file. Please open an issue on GitHub for any issues related to this experimental feature.
  w_As = torch.load(file_path)

Task 1, Epoch 1/20 => Loss 1.888, Train_accy 34.46, Test_accy 80.96:   0%|          | 0/20 [00:13<?, ?it/s]
Task 1, Epoch 1/20 => Loss 1.888, Train_accy 34.46, Test_accy 80.96:   5%|▌         | 1/20 [00:13<04:18, 13.58s/it]
Task 1, Epoch 2/20 => Loss 0.678, Train_accy 71.28:   5%|▌         | 1/20 [00:24<04:18, 13.58s/it]                 
Task 1, Epoch 2/20 => Loss 0.678, Train_accy 71.28:  10%|█         | 2/20 [00:24<03:33, 11.88s/it]
Task 1, Epoch 3/20 => Loss 0.533, Train_accy 78.00:  10%|█         | 2/20 [00:35<03:33, 11.88s/it]
Task 1, Epoch 3/20 => Loss 0.533, Train_accy 78.00:  15%|█▌        | 3/20 [00:35<03:14, 11.44s/it]
Task 1, Epoch 4/20 => Loss 0.478, Train_accy 79.39:  15%|█▌        | 3/20 [00:45<03:14, 11.44s/it]
Task 1, Epoch 4/20 => Loss 0.478, Train_accy 79.39:  20%|██        | 4/20 [00:45<02:58, 11.19s/it]
Task 1, Epoch 5/20 => Loss 0.424, Train_accy 79.84:  20%|██        | 4/20 [00:57<02:58, 11.19s/it]
Task 1, Epoch 5/20 => Loss 0.424, Train_accy 79.84:  25%|██▌       | 5/20 [00:57<02:47, 11.16s/it]
Task 1, Epoch 6/20 => Loss 0.425, Train_accy 80.78, Test_accy 87.13:  25%|██▌       | 5/20 [01:10<02:47, 11.16s/it]
Task 1, Epoch 6/20 => Loss 0.425, Train_accy 80.78, Test_accy 87.13:  30%|███       | 6/20 [01:10<02:48, 12.06s/it]
Task 1, Epoch 7/20 => Loss 0.373, Train_accy 82.39:  30%|███       | 6/20 [01:21<02:48, 12.06s/it]                 
Task 1, Epoch 7/20 => Loss 0.373, Train_accy 82.39:  35%|███▌      | 7/20 [01:21<02:31, 11.68s/it]
Task 1, Epoch 8/20 => Loss 0.353, Train_accy 82.06:  35%|███▌      | 7/20 [01:32<02:31, 11.68s/it]
Task 1, Epoch 8/20 => Loss 0.353, Train_accy 82.06:  40%|████      | 8/20 [01:32<02:16, 11.41s/it]
Task 1, Epoch 9/20 => Loss 0.336, Train_accy 84.46:  40%|████      | 8/20 [01:43<02:16, 11.41s/it]
Task 1, Epoch 9/20 => Loss 0.336, Train_accy 84.46:  45%|████▌     | 9/20 [01:43<02:03, 11.22s/it]
Task 1, Epoch 10/20 => Loss 0.362, Train_accy 83.07:  45%|████▌     | 9/20 [01:54<02:03, 11.22s/it]
Task 1, Epoch 10/20 => Loss 0.362, Train_accy 83.07:  50%|█████     | 10/20 [01:54<01:50, 11.10s/it]
Task 1, Epoch 11/20 => Loss 0.307, Train_accy 84.91, Test_accy 87.51:  50%|█████     | 10/20 [02:08<01:50, 11.10s/it]
Task 1, Epoch 11/20 => Loss 0.307, Train_accy 84.91, Test_accy 87.51:  55%|█████▌    | 11/20 [02:08<01:47, 11.91s/it]
Task 1, Epoch 12/20 => Loss 0.285, Train_accy 85.02:  55%|█████▌    | 11/20 [02:19<01:47, 11.91s/it]                 
Task 1, Epoch 12/20 => Loss 0.285, Train_accy 85.02:  60%|██████    | 12/20 [02:19<01:33, 11.63s/it]
Task 1, Epoch 13/20 => Loss 0.283, Train_accy 85.55:  60%|██████    | 12/20 [02:29<01:33, 11.63s/it]
Task 1, Epoch 13/20 => Loss 0.283, Train_accy 85.55:  65%|██████▌   | 13/20 [02:29<01:19, 11.38s/it]
Task 1, Epoch 14/20 => Loss 0.317, Train_accy 84.98:  65%|██████▌   | 13/20 [02:40<01:19, 11.38s/it]
Task 1, Epoch 14/20 => Loss 0.317, Train_accy 84.98:  70%|███████   | 14/20 [02:40<01:07, 11.17s/it]
Task 1, Epoch 15/20 => Loss 0.281, Train_accy 85.66:  70%|███████   | 14/20 [02:51<01:07, 11.17s/it]
Task 1, Epoch 15/20 => Loss 0.281, Train_accy 85.66:  75%|███████▌  | 15/20 [02:51<00:55, 11.03s/it]
Task 1, Epoch 16/20 => Loss 0.274, Train_accy 86.52, Test_accy 87.36:  75%|███████▌  | 15/20 [03:04<00:55, 11.03s/it]
Task 1, Epoch 16/20 => Loss 0.274, Train_accy 86.52, Test_accy 87.36:  80%|████████  | 16/20 [03:04<00:47, 11.81s/it]
Task 1, Epoch 17/20 => Loss 0.269, Train_accy 86.82:  80%|████████  | 16/20 [03:15<00:47, 11.81s/it]                 
Task 1, Epoch 17/20 => Loss 0.269, Train_accy 86.82:  85%|████████▌ | 17/20 [03:15<00:34, 11.52s/it]
Task 1, Epoch 18/20 => Loss 0.286, Train_accy 87.01:  85%|████████▌ | 17/20 [03:26<00:34, 11.52s/it]
Task 1, Epoch 18/20 => Loss 0.286, Train_accy 87.01:  90%|█████████ | 18/20 [03:26<00:22, 11.28s/it]
Task 1, Epoch 19/20 => Loss 0.286, Train_accy 86.22:  90%|█████████ | 18/20 [03:37<00:22, 11.28s/it]
Task 1, Epoch 19/20 => Loss 0.286, Train_accy 86.22:  95%|█████████▌| 19/20 [03:37<00:11, 11.10s/it]
Task 1, Epoch 20/20 => Loss 0.267, Train_accy 87.20:  95%|█████████▌| 19/20 [03:47<00:11, 11.10s/it]
Task 1, Epoch 20/20 => Loss 0.267, Train_accy 87.20: 100%|██████████| 20/20 [03:47<00:00, 10.98s/it]
Task 1, Epoch 20/20 => Loss 0.267, Train_accy 87.20: 100%|██████████| 20/20 [03:47<00:00, 11.39s/it]
2026-02-13 20:26:36,991 [sdlora.py] => Task 1, Epoch 20/20 => Loss 0.267, Train_accy 87.20
/home/yongxi/work/sdlora/backbone/lora.py:445: FutureWarning: You are using `torch.load` with `weights_only=False` (the current default value), which uses the default pickle module implicitly. It is possible to construct malicious pickle data which will execute arbitrary code during unpickling (See https://github.com/pytorch/pytorch/blob/main/SECURITY.md#untrusted-models for more details). In a future release, the default value for `weights_only` will be flipped to `True`. This limits the functions that could be executed during unpickling. Arbitrary objects will no longer be allowed to be loaded via this mode unless they are explicitly allowlisted by the user via `torch.serialization.add_safe_globals`. We recommend you start setting `weights_only=True` for any use case where you don't have full control of the loaded file. Please open an issue on GitHub for any issues related to this experimental feature.
  scaling_param = torch.load(filename + 'scaling_factor'+str(self.task_id-2)+'.pt')
2026-02-13 20:26:37,519 [sdlora.py] => Saved task checkpoint to: ./checkpoints/ImageNetR3/ckpt_task_1.pt
2026-02-13 20:26:40,346 [trainer.py] => No NME accuracy.
2026-02-13 20:26:40,346 [trainer.py] => CNN: {'total': np.float64(87.2), '00-19': np.float64(86.39), '20-39': np.float64(87.93), 'old': np.float64(86.39), 'new': np.float64(87.93)}
2026-02-13 20:26:40,347 [trainer.py] => CNN top1 curve: [np.float64(91.57), np.float64(87.2)]
2026-02-13 20:26:40,347 [trainer.py] => CNN top5 curve: [np.float64(97.24), np.float64(96.19)]

Average Accuracy (CNN): 89.38499999999999
2026-02-13 20:26:40,347 [trainer.py] => Average Accuracy (CNN): 89.38499999999999 

task 2
2026-02-13 20:26:40,348 [trainer.py] => All params: 171996733
2026-02-13 20:26:40,349 [trainer.py] => Trainable params: 399421
2026-02-13 20:26:40,350 [sdlora.py] => Learning on 40-60
2026-02-13 20:26:41,191 [_builder.py] => Loading pretrained weights from Hugging Face hub (timm/vit_base_patch16_224.augreg2_in21k_ft_in1k)
2026-02-13 20:26:41,492 [_hub.py] => [timm/vit_base_patch16_224.augreg2_in21k_ft_in1k] Safe alternative available for 'pytorch_model.bin' (as 'model.safetensors'). Loading weights using safetensors.
save_file ./checkpoints/ImageNetR3/

  0%|          | 0/20 [00:00<?, ?it/s]
Task 2, Epoch 1/20 => Loss 1.737, Train_accy 31.82, Test_accy 81.43:   0%|          | 0/20 [00:15<?, ?it/s]
Task 2, Epoch 1/20 => Loss 1.737, Train_accy 31.82, Test_accy 81.43:   5%|▌         | 1/20 [00:15<04:53, 15.46s/it]
Task 2, Epoch 2/20 => Loss 0.582, Train_accy 74.26:   5%|▌         | 1/20 [00:26<04:53, 15.46s/it]                 
Task 2, Epoch 2/20 => Loss 0.582, Train_accy 74.26:  10%|█         | 2/20 [00:26<03:55, 13.06s/it]
Task 2, Epoch 3/20 => Loss 0.495, Train_accy 78.04:  10%|█         | 2/20 [00:38<03:55, 13.06s/it]
Task 2, Epoch 3/20 => Loss 0.495, Train_accy 78.04:  15%|█▌        | 3/20 [00:38<03:29, 12.33s/it]
Task 2, Epoch 4/20 => Loss 0.415, Train_accy 78.76:  15%|█▌        | 3/20 [00:49<03:29, 12.33s/it]
Task 2, Epoch 4/20 => Loss 0.415, Train_accy 78.76:  20%|██        | 4/20 [00:49<03:11, 11.99s/it]
Task 2, Epoch 5/20 => Loss 0.373, Train_accy 79.91:  20%|██        | 4/20 [01:01<03:11, 11.99s/it]
Task 2, Epoch 5/20 => Loss 0.373, Train_accy 79.91:  25%|██▌       | 5/20 [01:01<02:56, 11.77s/it]
Task 2, Epoch 6/20 => Loss 0.350, Train_accy 80.67, Test_accy 85.20:  25%|██▌       | 5/20 [01:16<02:56, 11.77s/it]
Task 2, Epoch 6/20 => Loss 0.350, Train_accy 80.67, Test_accy 85.20:  30%|███       | 6/20 [01:16<03:02, 13.02s/it]
Task 2, Epoch 7/20 => Loss 0.342, Train_accy 83.16:  30%|███       | 6/20 [01:28<03:02, 13.02s/it]                 
Task 2, Epoch 7/20 => Loss 0.342, Train_accy 83.16:  35%|███▌      | 7/20 [01:28<02:42, 12.52s/it]
Task 2, Epoch 8/20 => Loss 0.343, Train_accy 81.25:  35%|███▌      | 7/20 [01:39<02:42, 12.52s/it]
Task 2, Epoch 8/20 => Loss 0.343, Train_accy 81.25:  40%|████      | 8/20 [01:39<02:25, 12.16s/it]
Task 2, Epoch 9/20 => Loss 0.317, Train_accy 82.47:  40%|████      | 8/20 [01:50<02:25, 12.16s/it]
Task 2, Epoch 9/20 => Loss 0.317, Train_accy 82.47:  45%|████▌     | 9/20 [01:50<02:11, 11.93s/it]
Task 2, Epoch 10/20 => Loss 0.307, Train_accy 84.49:  45%|████▌     | 9/20 [02:02<02:11, 11.93s/it]
Task 2, Epoch 10/20 => Loss 0.307, Train_accy 84.49:  50%|█████     | 10/20 [02:02<01:57, 11.77s/it]
Task 2, Epoch 11/20 => Loss 0.277, Train_accy 82.77, Test_accy 85.26:  50%|█████     | 10/20 [02:17<01:57, 11.77s/it]
Task 2, Epoch 11/20 => Loss 0.277, Train_accy 82.77, Test_accy 85.26:  55%|█████▌    | 11/20 [02:17<01:56, 12.92s/it]
Task 2, Epoch 12/20 => Loss 0.301, Train_accy 83.46:  55%|█████▌    | 11/20 [02:29<01:56, 12.92s/it]                 
Task 2, Epoch 12/20 => Loss 0.301, Train_accy 83.46:  60%|██████    | 12/20 [02:29<01:39, 12.45s/it]
Task 2, Epoch 13/20 => Loss 0.257, Train_accy 85.10:  60%|██████    | 12/20 [02:40<01:39, 12.45s/it]
Task 2, Epoch 13/20 => Loss 0.257, Train_accy 85.10:  65%|██████▌   | 13/20 [02:40<01:24, 12.13s/it]
Task 2, Epoch 14/20 => Loss 0.273, Train_accy 84.42:  65%|██████▌   | 13/20 [02:52<01:24, 12.13s/it]
Task 2, Epoch 14/20 => Loss 0.273, Train_accy 84.42:  70%|███████   | 14/20 [02:52<01:11, 11.91s/it]
Task 2, Epoch 15/20 => Loss 0.269, Train_accy 85.37:  70%|███████   | 14/20 [03:03<01:11, 11.91s/it]
Task 2, Epoch 15/20 => Loss 0.269, Train_accy 85.37:  75%|███████▌  | 15/20 [03:03<00:58, 11.76s/it]
Task 2, Epoch 16/20 => Loss 0.255, Train_accy 85.18, Test_accy 85.61:  75%|███████▌  | 15/20 [03:18<00:58, 11.76s/it]
Task 2, Epoch 16/20 => Loss 0.255, Train_accy 85.18, Test_accy 85.61:  80%|████████  | 16/20 [03:18<00:51, 12.87s/it]
Task 2, Epoch 17/20 => Loss 0.257, Train_accy 85.91:  80%|████████  | 16/20 [03:30<00:51, 12.87s/it]                 
Task 2, Epoch 17/20 => Loss 0.257, Train_accy 85.91:  85%|████████▌ | 17/20 [03:30<00:37, 12.43s/it]
Task 2, Epoch 18/20 => Loss 0.297, Train_accy 85.37:  85%|████████▌ | 17/20 [03:41<00:37, 12.43s/it]
Task 2, Epoch 18/20 => Loss 0.297, Train_accy 85.37:  90%|█████████ | 18/20 [03:41<00:24, 12.13s/it]
Task 2, Epoch 19/20 => Loss 0.284, Train_accy 85.68:  90%|█████████ | 18/20 [03:53<00:24, 12.13s/it]
Task 2, Epoch 19/20 => Loss 0.284, Train_accy 85.68:  95%|█████████▌| 19/20 [03:53<00:11, 11.95s/it]
Task 2, Epoch 20/20 => Loss 0.251, Train_accy 85.71:  95%|█████████▌| 19/20 [04:04<00:11, 11.95s/it]
Task 2, Epoch 20/20 => Loss 0.251, Train_accy 85.71: 100%|██████████| 20/20 [04:04<00:00, 11.82s/it]
Task 2, Epoch 20/20 => Loss 0.251, Train_accy 85.71: 100%|██████████| 20/20 [04:04<00:00, 12.24s/it]
2026-02-13 20:30:46,477 [sdlora.py] => Task 2, Epoch 20/20 => Loss 0.251, Train_accy 85.71
2026-02-13 20:30:47,004 [sdlora.py] => Saved task checkpoint to: ./checkpoints/ImageNetR3/ckpt_task_2.pt
2026-02-13 20:30:51,096 [trainer.py] => No NME accuracy.
2026-02-13 20:30:51,096 [trainer.py] => CNN: {'total': np.float64(85.1), '00-19': np.float64(84.12), '20-39': np.float64(85.06), '40-59': np.float64(86.09), 'old': np.float64(84.62), 'new': np.float64(86.09)}
2026-02-13 20:30:51,096 [trainer.py] => CNN top1 curve: [np.float64(91.57), np.float64(87.2), np.float64(85.1)]
2026-02-13 20:30:51,096 [trainer.py] => CNN top5 curve: [np.float64(97.24), np.float64(96.19), np.float64(94.85)]

Average Accuracy (CNN): 87.95666666666666
2026-02-13 20:30:51,096 [trainer.py] => Average Accuracy (CNN): 87.95666666666666 

task 3
2026-02-13 20:30:51,098 [trainer.py] => All params: 172012113
2026-02-13 20:30:51,099 [trainer.py] => Trainable params: 414801
2026-02-13 20:30:51,099 [sdlora.py] => Learning on 60-80
2026-02-13 20:30:51,945 [_builder.py] => Loading pretrained weights from Hugging Face hub (timm/vit_base_patch16_224.augreg2_in21k_ft_in1k)
2026-02-13 20:30:53,261 [_hub.py] => [timm/vit_base_patch16_224.augreg2_in21k_ft_in1k] Safe alternative available for 'pytorch_model.bin' (as 'model.safetensors'). Loading weights using safetensors.
save_file ./checkpoints/ImageNetR3/

  0%|          | 0/20 [00:00<?, ?it/s]
Task 3, Epoch 1/20 => Loss 1.689, Train_accy 25.34, Test_accy 78.57:   0%|          | 0/20 [00:18<?, ?it/s]
Task 3, Epoch 1/20 => Loss 1.689, Train_accy 25.34, Test_accy 78.57:   5%|▌         | 1/20 [00:18<05:43, 18.06s/it]
Task 3, Epoch 2/20 => Loss 0.610, Train_accy 65.93:   5%|▌         | 1/20 [00:30<05:43, 18.06s/it]                 
Task 3, Epoch 2/20 => Loss 0.610, Train_accy 65.93:  10%|█         | 2/20 [00:30<04:26, 14.82s/it]
Task 3, Epoch 3/20 => Loss 0.486, Train_accy 70.91:  10%|█         | 2/20 [00:43<04:26, 14.82s/it]
Task 3, Epoch 3/20 => Loss 0.486, Train_accy 70.91:  15%|█▌        | 3/20 [00:43<03:55, 13.83s/it]
Task 3, Epoch 4/20 => Loss 0.419, Train_accy 72.38:  15%|█▌        | 3/20 [00:55<03:55, 13.83s/it]
Task 3, Epoch 4/20 => Loss 0.419, Train_accy 72.38:  20%|██        | 4/20 [00:55<03:33, 13.33s/it]
Task 3, Epoch 5/20 => Loss 0.414, Train_accy 73.09:  20%|██        | 4/20 [01:08<03:33, 13.33s/it]
Task 3, Epoch 5/20 => Loss 0.414, Train_accy 73.09:  25%|██▌       | 5/20 [01:08<03:16, 13.08s/it]
Task 3, Epoch 6/20 => Loss 0.350, Train_accy 75.19, Test_accy 82.60:  25%|██▌       | 5/20 [01:26<03:16, 13.08s/it]
Task 3, Epoch 6/20 => Loss 0.350, Train_accy 75.19, Test_accy 82.60:  30%|███       | 6/20 [01:26<03:27, 14.79s/it]
Task 3, Epoch 7/20 => Loss 0.331, Train_accy 74.85:  30%|███       | 6/20 [01:39<03:27, 14.79s/it]                 
Task 3, Epoch 7/20 => Loss 0.331, Train_accy 74.85:  35%|███▌      | 7/20 [01:39<03:02, 14.05s/it]
Task 3, Epoch 8/20 => Loss 0.302, Train_accy 76.76:  35%|███▌      | 7/20 [01:51<03:02, 14.05s/it]
Task 3, Epoch 8/20 => Loss 0.302, Train_accy 76.76:  40%|████      | 8/20 [01:51<02:42, 13.58s/it]
Task 3, Epoch 9/20 => Loss 0.298, Train_accy 75.94:  40%|████      | 8/20 [02:04<02:42, 13.58s/it]
Task 3, Epoch 9/20 => Loss 0.298, Train_accy 75.94:  45%|████▌     | 9/20 [02:04<02:26, 13.31s/it]
Task 3, Epoch 10/20 => Loss 0.328, Train_accy 76.91:  45%|████▌     | 9/20 [02:17<02:26, 13.31s/it]
Task 3, Epoch 10/20 => Loss 0.328, Train_accy 76.91:  50%|█████     | 10/20 [02:17<02:11, 13.10s/it]
Task 3, Epoch 11/20 => Loss 0.293, Train_accy 77.62, Test_accy 82.72:  50%|█████     | 10/20 [02:35<02:11, 13.10s/it]
Task 3, Epoch 11/20 => Loss 0.293, Train_accy 77.62, Test_accy 82.72:  55%|█████▌    | 11/20 [02:35<02:12, 14.69s/it]
Task 3, Epoch 12/20 => Loss 0.281, Train_accy 78.56:  55%|█████▌    | 11/20 [02:47<02:12, 14.69s/it]                 
Task 3, Epoch 12/20 => Loss 0.281, Train_accy 78.56:  60%|██████    | 12/20 [02:47<01:52, 14.06s/it]
Task 3, Epoch 13/20 => Loss 0.309, Train_accy 77.47:  60%|██████    | 12/20 [03:00<01:52, 14.06s/it]
Task 3, Epoch 13/20 => Loss 0.309, Train_accy 77.47:  65%|██████▌   | 13/20 [03:00<01:35, 13.62s/it]
Task 3, Epoch 14/20 => Loss 0.296, Train_accy 78.41:  65%|██████▌   | 13/20 [03:13<01:35, 13.62s/it]
Task 3, Epoch 14/20 => Loss 0.296, Train_accy 78.41:  70%|███████   | 14/20 [03:13<01:20, 13.35s/it]
Task 3, Epoch 15/20 => Loss 0.272, Train_accy 78.75:  70%|███████   | 14/20 [03:25<01:20, 13.35s/it]
Task 3, Epoch 15/20 => Loss 0.272, Train_accy 78.75:  75%|███████▌  | 15/20 [03:25<01:05, 13.14s/it]
Task 3, Epoch 16/20 => Loss 0.277, Train_accy 79.31, Test_accy 82.91:  75%|███████▌  | 15/20 [03:44<01:05, 13.14s/it]
Task 3, Epoch 16/20 => Loss 0.277, Train_accy 79.31, Test_accy 82.91:  80%|████████  | 16/20 [03:44<00:58, 14.69s/it]
Task 3, Epoch 17/20 => Loss 0.252, Train_accy 80.10:  80%|████████  | 16/20 [03:56<00:58, 14.69s/it]                 
Task 3, Epoch 17/20 => Loss 0.252, Train_accy 80.10:  85%|████████▌ | 17/20 [03:56<00:42, 14.08s/it]
Task 3, Epoch 18/20 => Loss 0.263, Train_accy 80.17:  85%|████████▌ | 17/20 [04:09<00:42, 14.08s/it]
Task 3, Epoch 18/20 => Loss 0.263, Train_accy 80.17:  90%|█████████ | 18/20 [04:09<00:27, 13.63s/it]
Task 3, Epoch 19/20 => Loss 0.236, Train_accy 80.28:  90%|█████████ | 18/20 [04:22<00:27, 13.63s/it]
Task 3, Epoch 19/20 => Loss 0.236, Train_accy 80.28:  95%|█████████▌| 19/20 [04:22<00:13, 13.32s/it]
Task 3, Epoch 20/20 => Loss 0.263, Train_accy 79.76:  95%|█████████▌| 19/20 [04:34<00:13, 13.32s/it]
Task 3, Epoch 20/20 => Loss 0.263, Train_accy 79.76: 100%|██████████| 20/20 [04:34<00:00, 13.14s/it]
Task 3, Epoch 20/20 => Loss 0.263, Train_accy 79.76: 100%|██████████| 20/20 [04:34<00:00, 13.74s/it]
2026-02-13 20:35:28,248 [sdlora.py] => Task 3, Epoch 20/20 => Loss 0.263, Train_accy 79.76
2026-02-13 20:35:28,773 [sdlora.py] => Saved task checkpoint to: ./checkpoints/ImageNetR3/ckpt_task_3.pt
2026-02-13 20:35:34,335 [trainer.py] => No NME accuracy.
2026-02-13 20:35:34,335 [trainer.py] => CNN: {'total': np.float64(82.95), '00-19': np.float64(83.14), '20-39': np.float64(82.61), '40-59': np.float64(84.23), '60-79': np.float64(81.86), 'old': np.float64(83.32), 'new': np.float64(81.86)}
2026-02-13 20:35:34,335 [trainer.py] => CNN top1 curve: [np.float64(91.57), np.float64(87.2), np.float64(85.1), np.float64(82.95)]
2026-02-13 20:35:34,335 [trainer.py] => CNN top5 curve: [np.float64(97.24), np.float64(96.19), np.float64(94.85), np.float64(94.37)]

Average Accuracy (CNN): 86.705
2026-02-13 20:35:34,335 [trainer.py] => Average Accuracy (CNN): 86.705 

task 4
2026-02-13 20:35:34,337 [trainer.py] => All params: 172027493
2026-02-13 20:35:34,338 [trainer.py] => Trainable params: 430181
2026-02-13 20:35:34,339 [sdlora.py] => Learning on 80-100
2026-02-13 20:35:35,088 [_builder.py] => Loading pretrained weights from Hugging Face hub (timm/vit_base_patch16_224.augreg2_in21k_ft_in1k)
2026-02-13 20:35:36,111 [_hub.py] => [timm/vit_base_patch16_224.augreg2_in21k_ft_in1k] Safe alternative available for 'pytorch_model.bin' (as 'model.safetensors'). Loading weights using safetensors.
save_file ./checkpoints/ImageNetR3/

  0%|          | 0/20 [00:00<?, ?it/s]
Task 4, Epoch 1/20 => Loss 2.070, Train_accy 13.82, Test_accy 78.56:   0%|          | 0/20 [00:15<?, ?it/s]
Task 4, Epoch 1/20 => Loss 2.070, Train_accy 13.82, Test_accy 78.56:   5%|▌         | 1/20 [00:15<04:48, 15.18s/it]
Task 4, Epoch 2/20 => Loss 0.592, Train_accy 62.00:   5%|▌         | 1/20 [00:23<04:48, 15.18s/it]                 
Task 4, Epoch 2/20 => Loss 0.592, Train_accy 62.00:  10%|█         | 2/20 [00:23<03:22, 11.27s/it]
Task 4, Epoch 3/20 => Loss 0.398, Train_accy 72.17:  10%|█         | 2/20 [00:32<03:22, 11.27s/it]
Task 4, Epoch 3/20 => Loss 0.398, Train_accy 72.17:  15%|█▌        | 3/20 [00:32<02:49,  9.97s/it]
Task 4, Epoch 4/20 => Loss 0.441, Train_accy 71.73:  15%|█▌        | 3/20 [00:40<02:49,  9.97s/it]
Task 4, Epoch 4/20 => Loss 0.441, Train_accy 71.73:  20%|██        | 4/20 [00:40<02:29,  9.33s/it]
Task 4, Epoch 5/20 => Loss 0.365, Train_accy 75.50:  20%|██        | 4/20 [00:48<02:29,  9.33s/it]
Task 4, Epoch 5/20 => Loss 0.365, Train_accy 75.50:  25%|██▌       | 5/20 [00:48<02:14,  8.98s/it]
Task 4, Epoch 6/20 => Loss 0.349, Train_accy 75.38, Test_accy 81.43:  25%|██▌       | 5/20 [01:03<02:14,  8.98s/it]
Task 4, Epoch 6/20 => Loss 0.349, Train_accy 75.38, Test_accy 81.43:  30%|███       | 6/20 [01:03<02:34, 11.04s/it]
Task 4, Epoch 7/20 => Loss 0.326, Train_accy 76.38:  30%|███       | 6/20 [01:12<02:34, 11.04s/it]                 
Task 4, Epoch 7/20 => Loss 0.326, Train_accy 76.38:  35%|███▌      | 7/20 [01:12<02:12, 10.17s/it]
Task 4, Epoch 8/20 => Loss 0.343, Train_accy 76.63:  35%|███▌      | 7/20 [01:20<02:12, 10.17s/it]
Task 4, Epoch 8/20 => Loss 0.343, Train_accy 76.63:  40%|████      | 8/20 [01:20<01:55,  9.59s/it]
Task 4, Epoch 9/20 => Loss 0.268, Train_accy 77.07:  40%|████      | 8/20 [01:28<01:55,  9.59s/it]
Task 4, Epoch 9/20 => Loss 0.268, Train_accy 77.07:  45%|████▌     | 9/20 [01:28<01:41,  9.21s/it]
Task 4, Epoch 10/20 => Loss 0.281, Train_accy 78.64:  45%|████▌     | 9/20 [01:37<01:41,  9.21s/it]
Task 4, Epoch 10/20 => Loss 0.281, Train_accy 78.64:  50%|█████     | 10/20 [01:37<01:29,  9.00s/it]
Task 4, Epoch 11/20 => Loss 0.273, Train_accy 79.02, Test_accy 81.73:  50%|█████     | 10/20 [01:52<01:29,  9.00s/it]
Task 4, Epoch 11/20 => Loss 0.273, Train_accy 79.02, Test_accy 81.73:  55%|█████▌    | 11/20 [01:52<01:37, 10.86s/it]
Task 4, Epoch 12/20 => Loss 0.315, Train_accy 76.95:  55%|█████▌    | 11/20 [02:01<01:37, 10.86s/it]                 
Task 4, Epoch 12/20 => Loss 0.315, Train_accy 76.95:  60%|██████    | 12/20 [02:01<01:21, 10.13s/it]
Task 4, Epoch 13/20 => Loss 0.225, Train_accy 80.28:  60%|██████    | 12/20 [02:09<01:21, 10.13s/it]
Task 4, Epoch 13/20 => Loss 0.225, Train_accy 80.28:  65%|██████▌   | 13/20 [02:09<01:07,  9.59s/it]
Task 4, Epoch 14/20 => Loss 0.259, Train_accy 78.89:  65%|██████▌   | 13/20 [02:17<01:07,  9.59s/it]
Task 4, Epoch 14/20 => Loss 0.259, Train_accy 78.89:  70%|███████   | 14/20 [02:17<00:55,  9.21s/it]
Task 4, Epoch 15/20 => Loss 0.278, Train_accy 79.15:  70%|███████   | 14/20 [02:26<00:55,  9.21s/it]
Task 4, Epoch 15/20 => Loss 0.278, Train_accy 79.15:  75%|███████▌  | 15/20 [02:26<00:44,  8.96s/it]
Task 4, Epoch 16/20 => Loss 0.255, Train_accy 79.84, Test_accy 82.16:  75%|███████▌  | 15/20 [02:41<00:44,  8.96s/it]
Task 4, Epoch 16/20 => Loss 0.255, Train_accy 79.84, Test_accy 82.16:  80%|████████  | 16/20 [02:41<00:43, 10.80s/it]
Task 4, Epoch 17/20 => Loss 0.225, Train_accy 80.34:  80%|████████  | 16/20 [02:49<00:43, 10.80s/it]                 
Task 4, Epoch 17/20 => Loss 0.225, Train_accy 80.34:  85%|████████▌ | 17/20 [02:49<00:30, 10.06s/it]
Task 4, Epoch 18/20 => Loss 0.237, Train_accy 80.84:  85%|████████▌ | 17/20 [02:57<00:30, 10.06s/it]
Task 4, Epoch 18/20 => Loss 0.237, Train_accy 80.84:  90%|█████████ | 18/20 [02:57<00:19,  9.56s/it]
Task 4, Epoch 19/20 => Loss 0.212, Train_accy 81.16:  90%|█████████ | 18/20 [03:06<00:19,  9.56s/it]
Task 4, Epoch 19/20 => Loss 0.212, Train_accy 81.16:  95%|█████████▌| 19/20 [03:06<00:09,  9.21s/it]
Task 4, Epoch 20/20 => Loss 0.240, Train_accy 80.03:  95%|█████████▌| 19/20 [03:14<00:09,  9.21s/it]
Task 4, Epoch 20/20 => Loss 0.240, Train_accy 80.03: 100%|██████████| 20/20 [03:14<00:00,  8.95s/it]
Task 4, Epoch 20/20 => Loss 0.240, Train_accy 80.03: 100%|██████████| 20/20 [03:14<00:00,  9.73s/it]
2026-02-13 20:38:50,963 [sdlora.py] => Task 4, Epoch 20/20 => Loss 0.240, Train_accy 80.03
2026-02-13 20:38:51,490 [sdlora.py] => Saved task checkpoint to: ./checkpoints/ImageNetR3/ckpt_task_4.pt
2026-02-13 20:38:58,202 [trainer.py] => No NME accuracy.
2026-02-13 20:38:58,202 [trainer.py] => CNN: {'total': np.float64(81.93), '00-19': np.float64(80.71), '20-39': np.float64(81.9), '40-59': np.float64(83.0), '60-79': np.float64(81.56), '80-99': np.float64(82.75), 'old': np.float64(81.8), 'new': np.float64(82.75)}
2026-02-13 20:38:58,202 [trainer.py] => CNN top1 curve: [np.float64(91.57), np.float64(87.2), np.float64(85.1), np.float64(82.95), np.float64(81.93)]
2026-02-13 20:38:58,202 [trainer.py] => CNN top5 curve: [np.float64(97.24), np.float64(96.19), np.float64(94.85), np.float64(94.37), np.float64(94.05)]

Average Accuracy (CNN): 85.75
2026-02-13 20:38:58,202 [trainer.py] => Average Accuracy (CNN): 85.75 

task 5
2026-02-13 20:38:58,204 [trainer.py] => All params: 172042873
2026-02-13 20:38:58,205 [trainer.py] => Trainable params: 445561
2026-02-13 20:38:58,206 [sdlora.py] => Learning on 100-120
2026-02-13 20:38:58,952 [_builder.py] => Loading pretrained weights from Hugging Face hub (timm/vit_base_patch16_224.augreg2_in21k_ft_in1k)
2026-02-13 20:38:59,284 [_hub.py] => [timm/vit_base_patch16_224.augreg2_in21k_ft_in1k] Safe alternative available for 'pytorch_model.bin' (as 'model.safetensors'). Loading weights using safetensors.
save_file ./checkpoints/ImageNetR3/

  0%|          | 0/20 [00:00<?, ?it/s]
Task 5, Epoch 1/20 => Loss 1.715, Train_accy 26.70, Test_accy 79.47:   0%|          | 0/20 [00:22<?, ?it/s]
Task 5, Epoch 1/20 => Loss 1.715, Train_accy 26.70, Test_accy 79.47:   5%|▌         | 1/20 [00:22<07:02, 22.23s/it]
Task 5, Epoch 2/20 => Loss 0.560, Train_accy 66.84:   5%|▌         | 1/20 [00:35<07:02, 22.23s/it]                 
Task 5, Epoch 2/20 => Loss 0.560, Train_accy 66.84:  10%|█         | 2/20 [00:35<05:10, 17.24s/it]
Task 5, Epoch 3/20 => Loss 0.512, Train_accy 72.04:  10%|█         | 2/20 [00:49<05:10, 17.24s/it]
Task 5, Epoch 3/20 => Loss 0.512, Train_accy 72.04:  15%|█▌        | 3/20 [00:49<04:26, 15.69s/it]
Task 5, Epoch 4/20 => Loss 0.430, Train_accy 73.42:  15%|█▌        | 3/20 [01:03<04:26, 15.69s/it]
Task 5, Epoch 4/20 => Loss 0.430, Train_accy 73.42:  20%|██        | 4/20 [01:03<03:59, 14.94s/it]
Task 5, Epoch 5/20 => Loss 0.379, Train_accy 75.43:  20%|██        | 4/20 [01:17<03:59, 14.94s/it]
Task 5, Epoch 5/20 => Loss 0.379, Train_accy 75.43:  25%|██▌       | 5/20 [01:17<03:37, 14.52s/it]
Task 5, Epoch 6/20 => Loss 0.381, Train_accy 73.82, Test_accy 81.73:  25%|██▌       | 5/20 [01:39<03:37, 14.52s/it]
Task 5, Epoch 6/20 => Loss 0.381, Train_accy 73.82, Test_accy 81.73:  30%|███       | 6/20 [01:39<03:59, 17.14s/it]
Task 5, Epoch 7/20 => Loss 0.378, Train_accy 74.57:  30%|███       | 6/20 [01:53<03:59, 17.14s/it]                 
Task 5, Epoch 7/20 => Loss 0.378, Train_accy 74.57:  35%|███▌      | 7/20 [01:53<03:28, 16.02s/it]
Task 5, Epoch 8/20 => Loss 0.325, Train_accy 76.42:  35%|███▌      | 7/20 [02:07<03:28, 16.02s/it]
Task 5, Epoch 8/20 => Loss 0.325, Train_accy 76.42:  40%|████      | 8/20 [02:07<03:04, 15.36s/it]
Task 5, Epoch 9/20 => Loss 0.339, Train_accy 76.38:  40%|████      | 8/20 [02:21<03:04, 15.36s/it]
Task 5, Epoch 9/20 => Loss 0.339, Train_accy 76.38:  45%|████▌     | 9/20 [02:21<02:43, 14.86s/it]
Task 5, Epoch 10/20 => Loss 0.361, Train_accy 75.59:  45%|████▌     | 9/20 [02:34<02:43, 14.86s/it]
Task 5, Epoch 10/20 => Loss 0.361, Train_accy 75.59:  50%|█████     | 10/20 [02:34<02:25, 14.52s/it]
Task 5, Epoch 11/20 => Loss 0.325, Train_accy 75.67, Test_accy 81.81:  50%|█████     | 10/20 [02:56<02:25, 14.52s/it]
Task 5, Epoch 11/20 => Loss 0.325, Train_accy 75.67, Test_accy 81.81:  55%|█████▌    | 11/20 [02:56<02:31, 16.87s/it]
Task 5, Epoch 12/20 => Loss 0.305, Train_accy 77.76:  55%|█████▌    | 11/20 [03:10<02:31, 16.87s/it]                 
Task 5, Epoch 12/20 => Loss 0.305, Train_accy 77.76:  60%|██████    | 12/20 [03:10<02:07, 15.93s/it]
Task 5, Epoch 13/20 => Loss 0.289, Train_accy 78.08:  60%|██████    | 12/20 [03:24<02:07, 15.93s/it]
Task 5, Epoch 13/20 => Loss 0.289, Train_accy 78.08:  65%|██████▌   | 13/20 [03:24<01:47, 15.32s/it]
Task 5, Epoch 14/20 => Loss 0.298, Train_accy 78.98:  65%|██████▌   | 13/20 [03:38<01:47, 15.32s/it]
Task 5, Epoch 14/20 => Loss 0.298, Train_accy 78.98:  70%|███████   | 14/20 [03:38<01:29, 14.87s/it]
Task 5, Epoch 15/20 => Loss 0.275, Train_accy 78.82:  70%|███████   | 14/20 [03:52<01:29, 14.87s/it]
Task 5, Epoch 15/20 => Loss 0.275, Train_accy 78.82:  75%|███████▌  | 15/20 [03:52<01:12, 14.56s/it]
Task 5, Epoch 16/20 => Loss 0.268, Train_accy 79.77, Test_accy 81.89:  75%|███████▌  | 15/20 [04:14<01:12, 14.56s/it]
Task 5, Epoch 16/20 => Loss 0.268, Train_accy 79.77, Test_accy 81.89:  80%|████████  | 16/20 [04:14<01:07, 16.85s/it]
Task 5, Epoch 17/20 => Loss 0.271, Train_accy 78.98:  80%|████████  | 16/20 [04:28<01:07, 16.85s/it]                 
Task 5, Epoch 17/20 => Loss 0.271, Train_accy 78.98:  85%|████████▌ | 17/20 [04:28<00:47, 15.92s/it]
Task 5, Epoch 18/20 => Loss 0.272, Train_accy 80.05:  85%|████████▌ | 17/20 [04:42<00:47, 15.92s/it]
Task 5, Epoch 18/20 => Loss 0.272, Train_accy 80.05:  90%|█████████ | 18/20 [04:42<00:30, 15.27s/it]
Task 5, Epoch 19/20 => Loss 0.262, Train_accy 81.03:  90%|█████████ | 18/20 [04:55<00:30, 15.27s/it]
Task 5, Epoch 19/20 => Loss 0.262, Train_accy 81.03:  95%|█████████▌| 19/20 [04:55<00:14, 14.81s/it]
Task 5, Epoch 20/20 => Loss 0.271, Train_accy 80.32:  95%|█████████▌| 19/20 [05:09<00:14, 14.81s/it]
Task 5, Epoch 20/20 => Loss 0.271, Train_accy 80.32: 100%|██████████| 20/20 [05:09<00:00, 14.50s/it]
Task 5, Epoch 20/20 => Loss 0.271, Train_accy 80.32: 100%|██████████| 20/20 [05:09<00:00, 15.48s/it]
2026-02-13 20:44:09,238 [sdlora.py] => Task 5, Epoch 20/20 => Loss 0.271, Train_accy 80.32
2026-02-13 20:44:09,756 [sdlora.py] => Saved task checkpoint to: ./checkpoints/ImageNetR3/ckpt_task_5.pt
2026-02-13 20:44:18,256 [trainer.py] => No NME accuracy.
2026-02-13 20:44:18,257 [trainer.py] => CNN: {'total': np.float64(81.62), '00-19': np.float64(80.88), '20-39': np.float64(81.32), '40-59': np.float64(82.07), '60-79': np.float64(78.86), '80-99': np.float64(83.0), '100-119': np.float64(84.22), 'old': np.float64(81.07), 'new': np.float64(84.22)}
2026-02-13 20:44:18,257 [trainer.py] => CNN top1 curve: [np.float64(91.57), np.float64(87.2), np.float64(85.1), np.float64(82.95), np.float64(81.93), np.float64(81.62)]
2026-02-13 20:44:18,257 [trainer.py] => CNN top5 curve: [np.float64(97.24), np.float64(96.19), np.float64(94.85), np.float64(94.37), np.float64(94.05), np.float64(93.4)]

Average Accuracy (CNN): 85.06166666666667
2026-02-13 20:44:18,257 [trainer.py] => Average Accuracy (CNN): 85.06166666666667 

task 6
2026-02-13 20:44:18,259 [trainer.py] => All params: 172058253
2026-02-13 20:44:18,260 [trainer.py] => Trainable params: 460941
2026-02-13 20:44:18,261 [sdlora.py] => Learning on 120-140
2026-02-13 20:44:19,025 [_builder.py] => Loading pretrained weights from Hugging Face hub (timm/vit_base_patch16_224.augreg2_in21k_ft_in1k)
2026-02-13 20:44:21,049 [_hub.py] => [timm/vit_base_patch16_224.augreg2_in21k_ft_in1k] Safe alternative available for 'pytorch_model.bin' (as 'model.safetensors'). Loading weights using safetensors.
save_file ./checkpoints/ImageNetR3/

  0%|          | 0/20 [00:00<?, ?it/s]
Task 6, Epoch 1/20 => Loss 1.964, Train_accy 17.60, Test_accy 77.28:   0%|          | 0/20 [00:22<?, ?it/s]
Task 6, Epoch 1/20 => Loss 1.964, Train_accy 17.60, Test_accy 77.28:   5%|▌         | 1/20 [00:22<07:12, 22.75s/it]
Task 6, Epoch 2/20 => Loss 0.711, Train_accy 55.12:   5%|▌         | 1/20 [00:35<07:12, 22.75s/it]                 
Task 6, Epoch 2/20 => Loss 0.711, Train_accy 55.12:  10%|█         | 2/20 [00:35<05:01, 16.77s/it]
Task 6, Epoch 3/20 => Loss 0.542, Train_accy 62.71:  10%|█         | 2/20 [00:47<05:01, 16.77s/it]
Task 6, Epoch 3/20 => Loss 0.542, Train_accy 62.71:  15%|█▌        | 3/20 [00:47<04:12, 14.84s/it]
Task 6, Epoch 4/20 => Loss 0.480, Train_accy 66.11:  15%|█▌        | 3/20 [01:00<04:12, 14.84s/it]
Task 6, Epoch 4/20 => Loss 0.480, Train_accy 66.11:  20%|██        | 4/20 [01:00<03:43, 13.95s/it]
Task 6, Epoch 5/20 => Loss 0.462, Train_accy 66.15:  20%|██        | 4/20 [01:13<03:43, 13.95s/it]
Task 6, Epoch 5/20 => Loss 0.462, Train_accy 66.15:  25%|██▌       | 5/20 [01:13<03:21, 13.45s/it]
Task 6, Epoch 6/20 => Loss 0.422, Train_accy 66.71, Test_accy 79.72:  25%|██▌       | 5/20 [01:35<03:21, 13.45s/it]
Task 6, Epoch 6/20 => Loss 0.422, Train_accy 66.71, Test_accy 79.72:  30%|███       | 6/20 [01:35<03:51, 16.56s/it]
Task 6, Epoch 7/20 => Loss 0.442, Train_accy 67.18:  30%|███       | 6/20 [01:48<03:51, 16.56s/it]                 
Task 6, Epoch 7/20 => Loss 0.442, Train_accy 67.18:  35%|███▌      | 7/20 [01:48<03:18, 15.29s/it]
Task 6, Epoch 8/20 => Loss 0.366, Train_accy 67.64:  35%|███▌      | 7/20 [02:00<03:18, 15.29s/it]
Task 6, Epoch 8/20 => Loss 0.366, Train_accy 67.64:  40%|████      | 8/20 [02:00<02:52, 14.41s/it]
Task 6, Epoch 9/20 => Loss 0.382, Train_accy 69.79:  40%|████      | 8/20 [02:13<02:52, 14.41s/it]
Task 6, Epoch 9/20 => Loss 0.382, Train_accy 69.79:  45%|████▌     | 9/20 [02:13<02:32, 13.85s/it]
Task 6, Epoch 10/20 => Loss 0.360, Train_accy 69.18:  45%|████▌     | 9/20 [02:25<02:32, 13.85s/it]
Task 6, Epoch 10/20 => Loss 0.360, Train_accy 69.18:  50%|█████     | 10/20 [02:25<02:14, 13.44s/it]
Task 6, Epoch 11/20 => Loss 0.341, Train_accy 71.46, Test_accy 79.79:  50%|█████     | 10/20 [02:48<02:14, 13.44s/it]
Task 6, Epoch 11/20 => Loss 0.341, Train_accy 71.46, Test_accy 79.79:  55%|█████▌    | 11/20 [02:48<02:26, 16.24s/it]
Task 6, Epoch 12/20 => Loss 0.345, Train_accy 70.25:  55%|█████▌    | 11/20 [03:01<02:26, 16.24s/it]                 
Task 6, Epoch 12/20 => Loss 0.345, Train_accy 70.25:  60%|██████    | 12/20 [03:01<02:00, 15.10s/it]
Task 6, Epoch 13/20 => Loss 0.372, Train_accy 69.04:  60%|██████    | 12/20 [03:13<02:00, 15.10s/it]
Task 6, Epoch 13/20 => Loss 0.372, Train_accy 69.04:  65%|██████▌   | 13/20 [03:13<01:40, 14.40s/it]
Task 6, Epoch 14/20 => Loss 0.299, Train_accy 71.79:  65%|██████▌   | 13/20 [03:26<01:40, 14.40s/it]
Task 6, Epoch 14/20 => Loss 0.299, Train_accy 71.79:  70%|███████   | 14/20 [03:26<01:23, 13.84s/it]
Task 6, Epoch 15/20 => Loss 0.311, Train_accy 72.02:  70%|███████   | 14/20 [03:38<01:23, 13.84s/it]
Task 6, Epoch 15/20 => Loss 0.311, Train_accy 72.02:  75%|███████▌  | 15/20 [03:38<01:07, 13.44s/it]
Task 6, Epoch 16/20 => Loss 0.293, Train_accy 71.69, Test_accy 79.89:  75%|███████▌  | 15/20 [04:01<01:07, 13.44s/it]
Task 6, Epoch 16/20 => Loss 0.293, Train_accy 71.69, Test_accy 79.89:  80%|████████  | 16/20 [04:01<01:04, 16.23s/it]
Task 6, Epoch 17/20 => Loss 0.309, Train_accy 72.11:  80%|████████  | 16/20 [04:14<01:04, 16.23s/it]                 
Task 6, Epoch 17/20 => Loss 0.309, Train_accy 72.11:  85%|████████▌ | 17/20 [04:14<00:45, 15.13s/it]
Task 6, Epoch 18/20 => Loss 0.291, Train_accy 72.39:  85%|████████▌ | 17/20 [04:26<00:45, 15.13s/it]
Task 6, Epoch 18/20 => Loss 0.291, Train_accy 72.39:  90%|█████████ | 18/20 [04:26<00:28, 14.37s/it]
Task 6, Epoch 19/20 => Loss 0.279, Train_accy 73.00:  90%|█████████ | 18/20 [04:39<00:28, 14.37s/it]
Task 6, Epoch 19/20 => Loss 0.279, Train_accy 73.00:  95%|█████████▌| 19/20 [04:39<00:13, 13.81s/it]
Task 6, Epoch 20/20 => Loss 0.285, Train_accy 73.14:  95%|█████████▌| 19/20 [04:51<00:13, 13.81s/it]
Task 6, Epoch 20/20 => Loss 0.285, Train_accy 73.14: 100%|██████████| 20/20 [04:51<00:00, 13.43s/it]
Task 6, Epoch 20/20 => Loss 0.285, Train_accy 73.14: 100%|██████████| 20/20 [04:51<00:00, 14.59s/it]
2026-02-13 20:49:13,154 [sdlora.py] => Task 6, Epoch 20/20 => Loss 0.285, Train_accy 73.14
2026-02-13 20:49:13,680 [sdlora.py] => Saved task checkpoint to: ./checkpoints/ImageNetR3/ckpt_task_6.pt
2026-02-13 20:49:23,800 [trainer.py] => No NME accuracy.
2026-02-13 20:49:23,801 [trainer.py] => CNN: {'total': np.float64(79.72), '00-19': np.float64(79.25), '20-39': np.float64(78.3), '40-59': np.float64(81.3), '60-79': np.float64(78.86), '80-99': np.float64(81.5), '100-119': np.float64(83.12), '120-139': np.float64(75.73), 'old': np.float64(80.28), 'new': np.float64(75.73)}
2026-02-13 20:49:23,801 [trainer.py] => CNN top1 curve: [np.float64(91.57), np.float64(87.2), np.float64(85.1), np.float64(82.95), np.float64(81.93), np.float64(81.62), np.float64(79.72)]
2026-02-13 20:49:23,801 [trainer.py] => CNN top5 curve: [np.float64(97.24), np.float64(96.19), np.float64(94.85), np.float64(94.37), np.float64(94.05), np.float64(93.4), np.float64(92.68)]

Average Accuracy (CNN): 84.29857142857144
2026-02-13 20:49:23,801 [trainer.py] => Average Accuracy (CNN): 84.29857142857144 

task 7
2026-02-13 20:49:23,802 [trainer.py] => All params: 172073633
2026-02-13 20:49:23,803 [trainer.py] => Trainable params: 476321
2026-02-13 20:49:23,805 [sdlora.py] => Learning on 140-160
2026-02-13 20:49:24,640 [_builder.py] => Loading pretrained weights from Hugging Face hub (timm/vit_base_patch16_224.augreg2_in21k_ft_in1k)
2026-02-13 20:49:26,415 [_hub.py] => [timm/vit_base_patch16_224.augreg2_in21k_ft_in1k] Safe alternative available for 'pytorch_model.bin' (as 'model.safetensors'). Loading weights using safetensors.
save_file ./checkpoints/ImageNetR3/

  0%|          | 0/20 [00:00<?, ?it/s]
Task 7, Epoch 1/20 => Loss 1.757, Train_accy 18.59, Test_accy 77.00:   0%|          | 0/20 [00:25<?, ?it/s]
Task 7, Epoch 1/20 => Loss 1.757, Train_accy 18.59, Test_accy 77.00:   5%|▌         | 1/20 [00:25<07:59, 25.26s/it]
Task 7, Epoch 2/20 => Loss 0.540, Train_accy 66.68:   5%|▌         | 1/20 [00:38<07:59, 25.26s/it]                 
Task 7, Epoch 2/20 => Loss 0.540, Train_accy 66.68:  10%|█         | 2/20 [00:38<05:27, 18.19s/it]
Task 7, Epoch 3/20 => Loss 0.381, Train_accy 74.28:  10%|█         | 2/20 [00:51<05:27, 18.19s/it]
Task 7, Epoch 3/20 => Loss 0.381, Train_accy 74.28:  15%|█▌        | 3/20 [00:51<04:32, 16.01s/it]
Task 7, Epoch 4/20 => Loss 0.382, Train_accy 73.49:  15%|█▌        | 3/20 [01:05<04:32, 16.01s/it]
Task 7, Epoch 4/20 => Loss 0.382, Train_accy 73.49:  20%|██        | 4/20 [01:05<03:58, 14.92s/it]
Task 7, Epoch 5/20 => Loss 0.358, Train_accy 74.23:  20%|██        | 4/20 [01:18<03:58, 14.92s/it]
Task 7, Epoch 5/20 => Loss 0.358, Train_accy 74.23:  25%|██▌       | 5/20 [01:18<03:35, 14.37s/it]
Task 7, Epoch 6/20 => Loss 0.310, Train_accy 74.88, Test_accy 79.29:  25%|██▌       | 5/20 [01:44<03:35, 14.37s/it]
Task 7, Epoch 6/20 => Loss 0.310, Train_accy 74.88, Test_accy 79.29:  30%|███       | 6/20 [01:44<04:14, 18.16s/it]
Task 7, Epoch 7/20 => Loss 0.306, Train_accy 75.82:  30%|███       | 6/20 [01:57<04:14, 18.16s/it]                 
Task 7, Epoch 7/20 => Loss 0.306, Train_accy 75.82:  35%|███▌      | 7/20 [01:57<03:35, 16.60s/it]
Task 7, Epoch 8/20 => Loss 0.300, Train_accy 76.33:  35%|███▌      | 7/20 [02:10<03:35, 16.60s/it]
Task 7, Epoch 8/20 => Loss 0.300, Train_accy 76.33:  40%|████      | 8/20 [02:10<03:06, 15.54s/it]
Task 7, Epoch 9/20 => Loss 0.282, Train_accy 76.10:  40%|████      | 8/20 [02:23<03:06, 15.54s/it]
Task 7, Epoch 9/20 => Loss 0.282, Train_accy 76.10:  45%|████▌     | 9/20 [02:23<02:42, 14.81s/it]
Task 7, Epoch 10/20 => Loss 0.271, Train_accy 77.45:  45%|████▌     | 9/20 [02:37<02:42, 14.81s/it]
Task 7, Epoch 10/20 => Loss 0.271, Train_accy 77.45:  50%|█████     | 10/20 [02:37<02:23, 14.34s/it]
Task 7, Epoch 11/20 => Loss 0.256, Train_accy 78.98, Test_accy 79.31:  50%|█████     | 10/20 [03:02<02:23, 14.34s/it]
Task 7, Epoch 11/20 => Loss 0.256, Train_accy 78.98, Test_accy 79.31:  55%|█████▌    | 11/20 [03:02<02:39, 17.68s/it]
Task 7, Epoch 12/20 => Loss 0.267, Train_accy 78.01:  55%|█████▌    | 11/20 [03:15<02:39, 17.68s/it]                 
Task 7, Epoch 12/20 => Loss 0.267, Train_accy 78.01:  60%|██████    | 12/20 [03:15<02:10, 16.37s/it]
Task 7, Epoch 13/20 => Loss 0.284, Train_accy 78.94:  60%|██████    | 12/20 [03:29<02:10, 16.37s/it]
Task 7, Epoch 13/20 => Loss 0.284, Train_accy 78.94:  65%|██████▌   | 13/20 [03:29<01:48, 15.46s/it]
Task 7, Epoch 14/20 => Loss 0.270, Train_accy 77.91:  65%|██████▌   | 13/20 [03:42<01:48, 15.46s/it]
Task 7, Epoch 14/20 => Loss 0.270, Train_accy 77.91:  70%|███████   | 14/20 [03:42<01:28, 14.79s/it]
Task 7, Epoch 15/20 => Loss 0.240, Train_accy 79.17:  70%|███████   | 14/20 [03:55<01:28, 14.79s/it]
Task 7, Epoch 15/20 => Loss 0.240, Train_accy 79.17:  75%|███████▌  | 15/20 [03:55<01:11, 14.32s/it]
Task 7, Epoch 16/20 => Loss 0.252, Train_accy 78.01, Test_accy 79.44:  75%|███████▌  | 15/20 [04:20<01:11, 14.32s/it]
Task 7, Epoch 16/20 => Loss 0.252, Train_accy 78.01, Test_accy 79.44:  80%|████████  | 16/20 [04:20<01:10, 17.60s/it]
Task 7, Epoch 17/20 => Loss 0.218, Train_accy 79.54:  80%|████████  | 16/20 [04:34<01:10, 17.60s/it]                 
Task 7, Epoch 17/20 => Loss 0.218, Train_accy 79.54:  85%|████████▌ | 17/20 [04:34<00:48, 16.30s/it]
Task 7, Epoch 18/20 => Loss 0.245, Train_accy 78.84:  85%|████████▌ | 17/20 [04:47<00:48, 16.30s/it]
Task 7, Epoch 18/20 => Loss 0.245, Train_accy 78.84:  90%|█████████ | 18/20 [04:47<00:30, 15.45s/it]
Task 7, Epoch 19/20 => Loss 0.226, Train_accy 81.55:  90%|█████████ | 18/20 [05:00<00:30, 15.45s/it]
Task 7, Epoch 19/20 => Loss 0.226, Train_accy 81.55:  95%|█████████▌| 19/20 [05:00<00:14, 14.79s/it]
Task 7, Epoch 20/20 => Loss 0.235, Train_accy 79.54:  95%|█████████▌| 19/20 [05:14<00:14, 14.79s/it]
Task 7, Epoch 20/20 => Loss 0.235, Train_accy 79.54: 100%|██████████| 20/20 [05:14<00:00, 14.38s/it]
Task 7, Epoch 20/20 => Loss 0.235, Train_accy 79.54: 100%|██████████| 20/20 [05:14<00:00, 15.72s/it]
2026-02-13 20:54:40,987 [sdlora.py] => Task 7, Epoch 20/20 => Loss 0.235, Train_accy 79.54
2026-02-13 20:54:41,504 [sdlora.py] => Saved task checkpoint to: ./checkpoints/ImageNetR3/ckpt_task_7.pt
2026-02-13 20:54:53,680 [trainer.py] => No NME accuracy.
2026-02-13 20:54:53,681 [trainer.py] => CNN: {'total': np.float64(79.59), '00-19': np.float64(79.09), '20-39': np.float64(77.59), '40-59': np.float64(78.83), '60-79': np.float64(77.51), '80-99': np.float64(80.0), '100-119': np.float64(83.28), '120-139': np.float64(74.76), '140-159': np.float64(85.84), 'old': np.float64(78.74), 'new': np.float64(85.84)}
2026-02-13 20:54:53,681 [trainer.py] => CNN top1 curve: [np.float64(91.57), np.float64(87.2), np.float64(85.1), np.float64(82.95), np.float64(81.93), np.float64(81.62), np.float64(79.72), np.float64(79.59)]
2026-02-13 20:54:53,681 [trainer.py] => CNN top5 curve: [np.float64(97.24), np.float64(96.19), np.float64(94.85), np.float64(94.37), np.float64(94.05), np.float64(93.4), np.float64(92.68), np.float64(92.33)]

Average Accuracy (CNN): 83.71000000000001
2026-02-13 20:54:53,681 [trainer.py] => Average Accuracy (CNN): 83.71000000000001 

task 8
2026-02-13 20:54:53,684 [trainer.py] => All params: 172089013
2026-02-13 20:54:53,686 [trainer.py] => Trainable params: 491701
2026-02-13 20:54:53,687 [sdlora.py] => Learning on 160-180
2026-02-13 20:54:54,596 [_builder.py] => Loading pretrained weights from Hugging Face hub (timm/vit_base_patch16_224.augreg2_in21k_ft_in1k)
2026-02-13 20:54:57,884 [_hub.py] => [timm/vit_base_patch16_224.augreg2_in21k_ft_in1k] Safe alternative available for 'pytorch_model.bin' (as 'model.safetensors'). Loading weights using safetensors.
save_file ./checkpoints/ImageNetR3/

  0%|          | 0/20 [00:00<?, ?it/s]
Task 8, Epoch 1/20 => Loss 2.003, Train_accy 15.13, Test_accy 75.88:   0%|          | 0/20 [00:30<?, ?it/s]
Task 8, Epoch 1/20 => Loss 2.003, Train_accy 15.13, Test_accy 75.88:   5%|▌         | 1/20 [00:30<09:30, 30.04s/it]
Task 8, Epoch 2/20 => Loss 0.703, Train_accy 55.94:   5%|▌         | 1/20 [00:45<09:30, 30.04s/it]                 
Task 8, Epoch 2/20 => Loss 0.703, Train_accy 55.94:  10%|█         | 2/20 [00:45<06:28, 21.56s/it]
Task 8, Epoch 3/20 => Loss 0.588, Train_accy 61.26:  10%|█         | 2/20 [01:01<06:28, 21.56s/it]
Task 8, Epoch 3/20 => Loss 0.588, Train_accy 61.26:  15%|█▌        | 3/20 [01:01<05:20, 18.84s/it]
Task 8, Epoch 4/20 => Loss 0.510, Train_accy 64.71:  15%|█▌        | 3/20 [01:16<05:20, 18.84s/it]
Task 8, Epoch 4/20 => Loss 0.510, Train_accy 64.71:  20%|██        | 4/20 [01:16<04:40, 17.55s/it]
Task 8, Epoch 5/20 => Loss 0.463, Train_accy 64.59:  20%|██        | 4/20 [01:32<04:40, 17.55s/it]
Task 8, Epoch 5/20 => Loss 0.463, Train_accy 64.59:  25%|██▌       | 5/20 [01:32<04:12, 16.86s/it]
Task 8, Epoch 6/20 => Loss 0.456, Train_accy 65.05, Test_accy 78.50:  25%|██▌       | 5/20 [02:04<04:12, 16.86s/it]
Task 8, Epoch 6/20 => Loss 0.456, Train_accy 65.05, Test_accy 78.50:  30%|███       | 6/20 [02:04<05:08, 22.01s/it]
Task 8, Epoch 7/20 => Loss 0.461, Train_accy 64.42:  30%|███       | 6/20 [02:27<05:08, 22.01s/it]                 
Task 8, Epoch 7/20 => Loss 0.461, Train_accy 64.42:  35%|███▌      | 7/20 [02:27<04:51, 22.43s/it]
Task 8, Epoch 8/20 => Loss 0.410, Train_accy 65.84:  35%|███▌      | 7/20 [02:51<04:51, 22.43s/it]
Task 8, Epoch 8/20 => Loss 0.410, Train_accy 65.84:  40%|████      | 8/20 [02:51<04:34, 22.84s/it]
Task 8, Epoch 9/20 => Loss 0.377, Train_accy 67.66:  40%|████      | 8/20 [03:15<04:34, 22.84s/it]
Task 8, Epoch 9/20 => Loss 0.377, Train_accy 67.66:  45%|████▌     | 9/20 [03:15<04:14, 23.09s/it]
Task 8, Epoch 10/20 => Loss 0.396, Train_accy 67.12:  45%|████▌     | 9/20 [03:37<04:14, 23.09s/it]
Task 8, Epoch 10/20 => Loss 0.396, Train_accy 67.12:  50%|█████     | 10/20 [03:37<03:50, 23.02s/it]
Task 8, Epoch 11/20 => Loss 0.361, Train_accy 67.83, Test_accy 78.84:  50%|█████     | 10/20 [04:25<03:50, 23.02s/it]
Task 8, Epoch 11/20 => Loss 0.361, Train_accy 67.83, Test_accy 78.84:  55%|█████▌    | 11/20 [04:25<04:34, 30.55s/it]
Task 8, Epoch 12/20 => Loss 0.366, Train_accy 68.91:  55%|█████▌    | 11/20 [04:49<04:34, 30.55s/it]                 
Task 8, Epoch 12/20 => Loss 0.366, Train_accy 68.91:  60%|██████    | 12/20 [04:49<03:47, 28.48s/it]
Task 8, Epoch 13/20 => Loss 0.383, Train_accy 68.12:  60%|██████    | 12/20 [05:13<03:47, 28.48s/it]
Task 8, Epoch 13/20 => Loss 0.383, Train_accy 68.12:  65%|██████▌   | 13/20 [05:13<03:09, 27.11s/it]
Task 8, Epoch 14/20 => Loss 0.327, Train_accy 69.37:  65%|██████▌   | 13/20 [05:36<03:09, 27.11s/it]
Task 8, Epoch 14/20 => Loss 0.327, Train_accy 69.37:  70%|███████   | 14/20 [05:36<02:35, 25.85s/it]
Task 8, Epoch 15/20 => Loss 0.317, Train_accy 70.57:  70%|███████   | 14/20 [05:59<02:35, 25.85s/it]
Task 8, Epoch 15/20 => Loss 0.317, Train_accy 70.57:  75%|███████▌  | 15/20 [05:59<02:05, 25.07s/it]
Task 8, Epoch 16/20 => Loss 0.326, Train_accy 71.24, Test_accy 78.52:  75%|███████▌  | 15/20 [06:48<02:05, 25.07s/it]
Task 8, Epoch 16/20 => Loss 0.326, Train_accy 71.24, Test_accy 78.52:  80%|████████  | 16/20 [06:48<02:08, 32.18s/it]
Task 8, Epoch 17/20 => Loss 0.310, Train_accy 70.66:  80%|████████  | 16/20 [07:11<02:08, 32.18s/it]                 
Task 8, Epoch 17/20 => Loss 0.310, Train_accy 70.66:  85%|████████▌ | 17/20 [07:11<01:28, 29.58s/it]
Task 8, Epoch 18/20 => Loss 0.293, Train_accy 70.49:  85%|████████▌ | 17/20 [07:34<01:28, 29.58s/it]
Task 8, Epoch 18/20 => Loss 0.293, Train_accy 70.49:  90%|█████████ | 18/20 [07:34<00:55, 27.61s/it]
Task 8, Epoch 19/20 => Loss 0.287, Train_accy 72.36:  90%|█████████ | 18/20 [07:58<00:55, 27.61s/it]
Task 8, Epoch 19/20 => Loss 0.287, Train_accy 72.36:  95%|█████████▌| 19/20 [07:58<00:26, 26.31s/it]
Task 8, Epoch 20/20 => Loss 0.313, Train_accy 72.94:  95%|█████████▌| 19/20 [08:22<00:26, 26.31s/it]
Task 8, Epoch 20/20 => Loss 0.313, Train_accy 72.94: 100%|██████████| 20/20 [08:22<00:00, 25.66s/it]
Task 8, Epoch 20/20 => Loss 0.313, Train_accy 72.94: 100%|██████████| 20/20 [08:22<00:00, 25.11s/it]
2026-02-13 21:03:20,397 [sdlora.py] => Task 8, Epoch 20/20 => Loss 0.313, Train_accy 72.94
2026-02-13 21:03:23,436 [sdlora.py] => Saved task checkpoint to: ./checkpoints/ImageNetR3/ckpt_task_8.pt
2026-02-13 21:03:48,546 [trainer.py] => No NME accuracy.
2026-02-13 21:03:48,554 [trainer.py] => CNN: {'total': np.float64(78.07), '00-19': np.float64(77.8), '20-39': np.float64(76.72), '40-59': np.float64(78.52), '60-79': np.float64(77.21), '80-99': np.float64(79.0), '100-119': np.float64(82.34), '120-139': np.float64(73.59), '140-159': np.float64(84.78), '160-179': np.float64(72.74), 'old': np.float64(78.74), 'new': np.float64(72.74)}
2026-02-13 21:03:48,555 [trainer.py] => CNN top1 curve: [np.float64(91.57), np.float64(87.2), np.float64(85.1), np.float64(82.95), np.float64(81.93), np.float64(81.62), np.float64(79.72), np.float64(79.59), np.float64(78.07)]
2026-02-13 21:03:48,555 [trainer.py] => CNN top5 curve: [np.float64(97.24), np.float64(96.19), np.float64(94.85), np.float64(94.37), np.float64(94.05), np.float64(93.4), np.float64(92.68), np.float64(92.33), np.float64(91.54)]

Average Accuracy (CNN): 83.08333333333333
2026-02-13 21:03:48,556 [trainer.py] => Average Accuracy (CNN): 83.08333333333333 

task 9
2026-02-13 21:03:48,561 [trainer.py] => All params: 172104393
2026-02-13 21:03:48,571 [trainer.py] => Trainable params: 507081
2026-02-13 21:03:48,583 [sdlora.py] => Learning on 180-200
2026-02-13 21:04:01,227 [_builder.py] => Loading pretrained weights from Hugging Face hub (timm/vit_base_patch16_224.augreg2_in21k_ft_in1k)
2026-02-13 21:04:02,597 [_hub.py] => [timm/vit_base_patch16_224.augreg2_in21k_ft_in1k] Safe alternative available for 'pytorch_model.bin' (as 'model.safetensors'). Loading weights using safetensors.
save_file ./checkpoints/ImageNetR3/

  0%|          | 0/20 [00:00<?, ?it/s]
Task 9, Epoch 1/20 => Loss 1.593, Train_accy 25.50, Test_accy 76.58:   0%|          | 0/20 [00:53<?, ?it/s]
Task 9, Epoch 1/20 => Loss 1.593, Train_accy 25.50, Test_accy 76.58:   5%|▌         | 1/20 [00:53<17:00, 53.73s/it]
Task 9, Epoch 2/20 => Loss 0.469, Train_accy 68.30:   5%|▌         | 1/20 [01:21<17:00, 53.73s/it]                 
Task 9, Epoch 2/20 => Loss 0.469, Train_accy 68.30:  10%|█         | 2/20 [01:21<11:31, 38.40s/it]
Task 9, Epoch 3/20 => Loss 0.403, Train_accy 72.41:  10%|█         | 2/20 [01:47<11:31, 38.40s/it]
Task 9, Epoch 3/20 => Loss 0.403, Train_accy 72.41:  15%|█▌        | 3/20 [01:47<09:16, 32.73s/it]
Task 9, Epoch 4/20 => Loss 0.349, Train_accy 71.46:  15%|█▌        | 3/20 [02:13<09:16, 32.73s/it]
Task 9, Epoch 4/20 => Loss 0.349, Train_accy 71.46:  20%|██        | 4/20 [02:13<08:01, 30.12s/it]
Task 9, Epoch 5/20 => Loss 0.290, Train_accy 74.19:  20%|██        | 4/20 [02:40<08:01, 30.12s/it]
Task 9, Epoch 5/20 => Loss 0.290, Train_accy 74.19:  25%|██▌       | 5/20 [02:40<07:13, 28.88s/it]
Task 9, Epoch 6/20 => Loss 0.305, Train_accy 73.24, Test_accy 78.12:  25%|██▌       | 5/20 [03:33<07:13, 28.88s/it]
Task 9, Epoch 6/20 => Loss 0.305, Train_accy 73.24, Test_accy 78.12:  30%|███       | 6/20 [03:33<08:42, 37.33s/it]
Task 9, Epoch 7/20 => Loss 0.297, Train_accy 74.12:  30%|███       | 6/20 [04:00<08:42, 37.33s/it]                 
Task 9, Epoch 7/20 => Loss 0.297, Train_accy 74.12:  35%|███▌      | 7/20 [04:00<07:18, 33.70s/it]
Task 9, Epoch 8/20 => Loss 0.274, Train_accy 74.00:  35%|███▌      | 7/20 [04:26<07:18, 33.70s/it]
Task 9, Epoch 8/20 => Loss 0.274, Train_accy 74.00:  40%|████      | 8/20 [04:26<06:17, 31.44s/it]
Task 9, Epoch 9/20 => Loss 0.260, Train_accy 74.69:  40%|████      | 8/20 [04:52<06:17, 31.44s/it]
Task 9, Epoch 9/20 => Loss 0.260, Train_accy 74.69:  45%|████▌     | 9/20 [04:52<05:27, 29.79s/it]
Task 9, Epoch 10/20 => Loss 0.253, Train_accy 75.79:  45%|████▌     | 9/20 [05:18<05:27, 29.79s/it]
Task 9, Epoch 10/20 => Loss 0.253, Train_accy 75.79:  50%|█████     | 10/20 [05:18<04:46, 28.65s/it]
Task 9, Epoch 11/20 => Loss 0.246, Train_accy 76.51, Test_accy 78.27:  50%|█████     | 10/20 [06:13<04:46, 28.65s/it]
Task 9, Epoch 11/20 => Loss 0.246, Train_accy 76.51, Test_accy 78.27:  55%|█████▌    | 11/20 [06:13<05:30, 36.68s/it]
Task 9, Epoch 12/20 => Loss 0.244, Train_accy 75.03:  55%|█████▌    | 11/20 [06:40<05:30, 36.68s/it]                 
Task 9, Epoch 12/20 => Loss 0.244, Train_accy 75.03:  60%|██████    | 12/20 [06:40<04:28, 33.50s/it]
Task 9, Epoch 13/20 => Loss 0.259, Train_accy 74.57:  60%|██████    | 12/20 [07:06<04:28, 33.50s/it]
Task 9, Epoch 13/20 => Loss 0.259, Train_accy 74.57:  65%|██████▌   | 13/20 [07:06<03:38, 31.26s/it]
Task 9, Epoch 14/20 => Loss 0.223, Train_accy 76.43:  65%|██████▌   | 13/20 [07:33<03:38, 31.26s/it]
Task 9, Epoch 14/20 => Loss 0.223, Train_accy 76.43:  70%|███████   | 14/20 [07:33<02:59, 29.99s/it]
Task 9, Epoch 15/20 => Loss 0.224, Train_accy 77.04:  70%|███████   | 14/20 [07:59<02:59, 29.99s/it]
Task 9, Epoch 15/20 => Loss 0.224, Train_accy 77.04:  75%|███████▌  | 15/20 [07:59<02:23, 28.77s/it]
Task 9, Epoch 16/20 => Loss 0.232, Train_accy 76.51, Test_accy 78.25:  75%|███████▌  | 15/20 [08:53<02:23, 28.77s/it]
Task 9, Epoch 16/20 => Loss 0.232, Train_accy 76.51, Test_accy 78.25:  80%|████████  | 16/20 [08:53<02:26, 36.56s/it]
Task 9, Epoch 17/20 => Loss 0.239, Train_accy 76.28:  80%|████████  | 16/20 [09:19<02:26, 36.56s/it]                 
Task 9, Epoch 17/20 => Loss 0.239, Train_accy 76.28:  85%|████████▌ | 17/20 [09:19<01:40, 33.42s/it]
Task 9, Epoch 18/20 => Loss 0.224, Train_accy 77.46:  85%|████████▌ | 17/20 [09:46<01:40, 33.42s/it]
Task 9, Epoch 18/20 => Loss 0.224, Train_accy 77.46:  90%|█████████ | 18/20 [09:46<01:02, 31.40s/it]
Task 9, Epoch 19/20 => Loss 0.213, Train_accy 77.69:  90%|█████████ | 18/20 [10:12<01:02, 31.40s/it]
Task 9, Epoch 19/20 => Loss 0.213, Train_accy 77.69:  95%|█████████▌| 19/20 [10:12<00:29, 29.74s/it]
Task 9, Epoch 20/20 => Loss 0.238, Train_accy 76.70:  95%|█████████▌| 19/20 [10:39<00:29, 29.74s/it]
Task 9, Epoch 20/20 => Loss 0.238, Train_accy 76.70: 100%|██████████| 20/20 [10:39<00:00, 28.77s/it]
Task 9, Epoch 20/20 => Loss 0.238, Train_accy 76.70: 100%|██████████| 20/20 [10:39<00:00, 31.95s/it]
2026-02-13 21:14:47,106 [sdlora.py] => Task 9, Epoch 20/20 => Loss 0.238, Train_accy 76.70
2026-02-13 21:14:49,793 [sdlora.py] => Saved task checkpoint to: ./checkpoints/ImageNetR3/ckpt_task_9.pt
2026-02-13 21:15:17,401 [trainer.py] => No NME accuracy.
2026-02-13 21:15:17,409 [trainer.py] => CNN: {'total': np.float64(78.17), '00-19': np.float64(76.5), '20-39': np.float64(75.43), '40-59': np.float64(77.74), '60-79': np.float64(77.66), '80-99': np.float64(79.0), '100-119': np.float64(80.94), '120-139': np.float64(72.23), '140-159': np.float64(84.78), '160-179': np.float64(72.74), '180-199': np.float64(84.27), 'old': np.float64(77.42), 'new': np.float64(84.27)}
2026-02-13 21:15:17,409 [trainer.py] => CNN top1 curve: [np.float64(91.57), np.float64(87.2), np.float64(85.1), np.float64(82.95), np.float64(81.93), np.float64(81.62), np.float64(79.72), np.float64(79.59), np.float64(78.07), np.float64(78.17)]
2026-02-13 21:15:17,410 [trainer.py] => CNN top5 curve: [np.float64(97.24), np.float64(96.19), np.float64(94.85), np.float64(94.37), np.float64(94.05), np.float64(93.4), np.float64(92.68), np.float64(92.33), np.float64(91.54), np.float64(91.42)]

Average Accuracy (CNN): 82.592
2026-02-13 21:15:17,410 [trainer.py] => Average Accuracy (CNN): 82.592 

Accuracy Matrix (CNN):
[[91.57 86.39 84.12 83.14 80.71 80.88 79.25 79.09 77.8  76.5 ]
 [ 0.   87.93 85.06 82.61 81.9  84.22 83.12 83.28 82.34 80.94]
 [ 0.    0.   86.09 84.23 83.   81.32 75.73 74.76 73.59 72.23]
 [ 0.    0.    0.   81.86 81.56 82.07 78.3  85.84 84.78 84.78]
 [ 0.    0.    0.    0.   82.75 78.86 81.3  77.59 72.74 72.74]
 [ 0.    0.    0.    0.    0.   83.   78.86 78.83 76.72 84.27]
 [ 0.    0.    0.    0.    0.    0.   81.5  77.51 78.52 75.43]
 [ 0.    0.    0.    0.    0.    0.    0.   80.   77.21 77.74]
 [ 0.    0.    0.    0.    0.    0.    0.    0.   79.   77.66]
 [ 0.    0.    0.    0.    0.    0.    0.    0.    0.   79.  ]]
2026-02-13 21:15:17,412 [trainer.py] => Forgetting (CNN): 6.2955555555555565
devices_type ['0']
2026-02-13 21:15:17,440 [trainer.py] => config: ./exps/sdlora_inr.json
2026-02-13 21:15:17,444 [trainer.py] => seed: 1996
2026-02-13 21:15:17,445 [trainer.py] => prefix: reproduce
2026-02-13 21:15:17,445 [trainer.py] => dataset: imagenetr
2026-02-13 21:15:17,445 [trainer.py] => memory_size: 0
2026-02-13 21:15:17,445 [trainer.py] => memory_per_class: 0
2026-02-13 21:15:17,445 [trainer.py] => fixed_memory: False
2026-02-13 21:15:17,445 [trainer.py] => shuffle: True
2026-02-13 21:15:17,445 [trainer.py] => init_cls: 20
2026-02-13 21:15:17,445 [trainer.py] => increment: 20
2026-02-13 21:15:17,445 [trainer.py] => model_name: sdlora
2026-02-13 21:15:17,445 [trainer.py] => backbone_type: vit_base_patch16_224
2026-02-13 21:15:17,445 [trainer.py] => device: [device(type='cuda', index=0)]
2026-02-13 21:15:17,446 [trainer.py] => optimizer: adam
2026-02-13 21:15:17,446 [trainer.py] => scheduler: constant
2026-02-13 21:15:17,446 [trainer.py] => filepath: ./checkpoints/ImageNetR3/
2026-02-13 21:15:17,446 [trainer.py] => init_epoch: 20
2026-02-13 21:15:17,446 [trainer.py] => init_lr: 0.01
2026-02-13 21:15:17,446 [trainer.py] => init_milestones: [10000]
2026-02-13 21:15:17,446 [trainer.py] => init_lr_decay: 0
2026-02-13 21:15:17,446 [trainer.py] => init_weight_decay: 0.0005
2026-02-13 21:15:17,446 [trainer.py] => epochs: 20
2026-02-13 21:15:17,446 [trainer.py] => lrate: 0.01
2026-02-13 21:15:17,447 [trainer.py] => milestones: [10000]
2026-02-13 21:15:17,447 [trainer.py] => lrate_decay: 0
2026-02-13 21:15:17,453 [trainer.py] => batch_size: 128
2026-02-13 21:15:17,454 [trainer.py] => weight_decay: 0.0002
2026-02-13 21:15:17,454 [trainer.py] => nb_classes: 200
2026-02-13 21:15:17,454 [trainer.py] => nb_tasks: 10
2026-02-13 21:15:17,723 [data_manager.py] => [92, 182, 15, 79, 26, 173, 109, 188, 27, 157, 177, 6, 35, 93, 52, 136, 164, 184, 2, 125, 130, 179, 135, 150, 100, 97, 7, 86, 158, 178, 168, 78, 181, 170, 32, 89, 8, 192, 104, 12, 145, 120, 80, 49, 155, 85, 95, 33, 17, 175, 137, 44, 112, 124, 153, 190, 83, 138, 43, 73, 87, 94, 140, 134, 180, 105, 111, 24, 60, 149, 63, 123, 152, 116, 185, 176, 198, 194, 133, 46, 51, 195, 88, 197, 13, 103, 121, 174, 160, 82, 151, 18, 20, 34, 66, 50, 40, 3, 4, 118, 36, 144, 169, 72, 58, 99, 142, 161, 64, 47, 193, 127, 101, 31, 71, 196, 9, 110, 126, 199, 128, 122, 91, 119, 189, 16, 159, 81, 163, 21, 141, 156, 77, 30, 107, 19, 55, 57, 53, 106, 146, 45, 54, 172, 154, 183, 75, 143, 113, 62, 148, 11, 114, 131, 129, 171, 5, 96, 10, 39, 29, 165, 191, 70, 76, 23, 69, 115, 90, 56, 166, 68, 167, 42, 187, 147, 0, 22, 102, 108, 65, 61, 74, 59, 25, 37, 48, 84, 162, 28, 132, 139, 117, 14, 41, 38, 67, 98, 1, 186]
!!!!!!! multiple_gpus [device(type='cuda', index=0)]
This is for the BaseNet initialization.
2026-02-13 21:15:28,822 [_builder.py] => Loading pretrained weights from Hugging Face hub (timm/vit_base_patch16_224.augreg2_in21k_ft_in1k)
2026-02-13 21:15:29,897 [_hub.py] => [timm/vit_base_patch16_224.augreg2_in21k_ft_in1k] Safe alternative available for 'pytorch_model.bin' (as 'model.safetensors'). Loading weights using safetensors.
save_file ./checkpoints/ImageNetR3/
Initialize task-id and curtask id
After BaseNet initialization.
task 0
2026-02-13 21:15:34,604 [trainer.py] => All params: 171965973
2026-02-13 21:15:34,609 [trainer.py] => Trainable params: 368661
2026-02-13 21:15:34,610 [sdlora.py] => Learning on 0-20

  0%|          | 0/20 [00:00<?, ?it/s]
Task 0, Epoch 1/20 => Loss 2.027, Train_accy 43.63, Test_accy 75.45:   0%|          | 0/20 [00:23<?, ?it/s]
Task 0, Epoch 1/20 => Loss 2.027, Train_accy 43.63, Test_accy 75.45:   5%|▌         | 1/20 [00:23<07:26, 23.49s/it]
Task 0, Epoch 2/20 => Loss 0.909, Train_accy 73.47:   5%|▌         | 1/20 [00:38<07:26, 23.49s/it]                 
Task 0, Epoch 2/20 => Loss 0.909, Train_accy 73.47:  10%|█         | 2/20 [00:38<05:37, 18.73s/it]
Task 0, Epoch 3/20 => Loss 0.739, Train_accy 77.99:  10%|█         | 2/20 [00:54<05:37, 18.73s/it]
Task 0, Epoch 3/20 => Loss 0.739, Train_accy 77.99:  15%|█▌        | 3/20 [00:54<04:57, 17.50s/it]
Task 0, Epoch 4/20 => Loss 0.627, Train_accy 81.42:  15%|█▌        | 3/20 [01:10<04:57, 17.50s/it]
Task 0, Epoch 4/20 => Loss 0.627, Train_accy 81.42:  20%|██        | 4/20 [01:10<04:28, 16.81s/it]
Task 0, Epoch 5/20 => Loss 0.568, Train_accy 83.52:  20%|██        | 4/20 [01:26<04:28, 16.81s/it]
Task 0, Epoch 5/20 => Loss 0.568, Train_accy 83.52:  25%|██▌       | 5/20 [01:26<04:07, 16.52s/it]
Task 0, Epoch 6/20 => Loss 0.468, Train_accy 85.70, Test_accy 87.88:  25%|██▌       | 5/20 [01:51<04:07, 16.52s/it]
Task 0, Epoch 6/20 => Loss 0.468, Train_accy 85.70, Test_accy 87.88:  30%|███       | 6/20 [01:51<04:28, 19.20s/it]
Task 0, Epoch 7/20 => Loss 0.443, Train_accy 86.60:  30%|███       | 6/20 [02:06<04:28, 19.20s/it]                 
Task 0, Epoch 7/20 => Loss 0.443, Train_accy 86.60:  35%|███▌      | 7/20 [02:06<03:52, 17.86s/it]
Task 0, Epoch 8/20 => Loss 0.423, Train_accy 87.69:  35%|███▌      | 7/20 [02:21<03:52, 17.86s/it]
Task 0, Epoch 8/20 => Loss 0.423, Train_accy 87.69:  40%|████      | 8/20 [02:21<03:25, 17.15s/it]
Task 0, Epoch 9/20 => Loss 0.442, Train_accy 86.01:  40%|████      | 8/20 [02:39<03:25, 17.15s/it]
Task 0, Epoch 9/20 => Loss 0.442, Train_accy 86.01:  45%|████▌     | 9/20 [02:39<03:08, 17.16s/it]
Task 0, Epoch 10/20 => Loss 0.370, Train_accy 88.86:  45%|████▌     | 9/20 [02:53<03:08, 17.16s/it]
Task 0, Epoch 10/20 => Loss 0.370, Train_accy 88.86:  50%|█████     | 10/20 [02:53<02:44, 16.45s/it]
Task 0, Epoch 11/20 => Loss 0.343, Train_accy 90.18, Test_accy 90.45:  50%|█████     | 10/20 [03:15<02:44, 16.45s/it]
Task 0, Epoch 11/20 => Loss 0.343, Train_accy 90.18, Test_accy 90.45:  55%|█████▌    | 11/20 [03:15<02:43, 18.18s/it]
Task 0, Epoch 12/20 => Loss 0.334, Train_accy 90.03:  55%|█████▌    | 11/20 [03:31<02:43, 18.18s/it]                 
Task 0, Epoch 12/20 => Loss 0.334, Train_accy 90.03:  60%|██████    | 12/20 [03:31<02:18, 17.34s/it]
Task 0, Epoch 13/20 => Loss 0.300, Train_accy 91.08:  60%|██████    | 12/20 [03:47<02:18, 17.34s/it]
Task 0, Epoch 13/20 => Loss 0.300, Train_accy 91.08:  65%|██████▌   | 13/20 [03:47<01:58, 16.90s/it]
Task 0, Epoch 14/20 => Loss 0.334, Train_accy 89.95:  65%|██████▌   | 13/20 [04:03<01:58, 16.90s/it]
Task 0, Epoch 14/20 => Loss 0.334, Train_accy 89.95:  70%|███████   | 14/20 [04:03<01:40, 16.80s/it]
Task 0, Epoch 15/20 => Loss 0.310, Train_accy 89.75:  70%|███████   | 14/20 [04:20<01:40, 16.80s/it]
Task 0, Epoch 15/20 => Loss 0.310, Train_accy 89.75:  75%|███████▌  | 15/20 [04:20<01:24, 16.86s/it]
Task 0, Epoch 16/20 => Loss 0.292, Train_accy 91.23, Test_accy 90.45:  75%|███████▌  | 15/20 [04:42<01:24, 16.86s/it]
Task 0, Epoch 16/20 => Loss 0.292, Train_accy 91.23, Test_accy 90.45:  80%|████████  | 16/20 [04:42<01:13, 18.39s/it]
Task 0, Epoch 17/20 => Loss 0.333, Train_accy 90.92:  80%|████████  | 16/20 [04:58<01:13, 18.39s/it]                 
Task 0, Epoch 17/20 => Loss 0.333, Train_accy 90.92:  85%|████████▌ | 17/20 [04:58<00:52, 17.44s/it]
Task 0, Epoch 18/20 => Loss 0.325, Train_accy 90.61:  85%|████████▌ | 17/20 [05:13<00:52, 17.44s/it]
Task 0, Epoch 18/20 => Loss 0.325, Train_accy 90.61:  90%|█████████ | 18/20 [05:13<00:33, 16.98s/it]
Task 0, Epoch 19/20 => Loss 0.284, Train_accy 91.43:  90%|█████████ | 18/20 [05:30<00:33, 16.98s/it]
Task 0, Epoch 19/20 => Loss 0.284, Train_accy 91.43:  95%|█████████▌| 19/20 [05:30<00:16, 16.94s/it]
Task 0, Epoch 20/20 => Loss 0.312, Train_accy 90.77:  95%|█████████▌| 19/20 [05:47<00:16, 16.94s/it]
Task 0, Epoch 20/20 => Loss 0.312, Train_accy 90.77: 100%|██████████| 20/20 [05:47<00:00, 16.77s/it]
Task 0, Epoch 20/20 => Loss 0.312, Train_accy 90.77: 100%|██████████| 20/20 [05:47<00:00, 17.36s/it]
2026-02-13 21:21:22,277 [sdlora.py] => Task 0, Epoch 20/20 => Loss 0.312, Train_accy 90.77
2026-02-13 21:21:26,235 [sdlora.py] => Saved task checkpoint to: ./checkpoints/ImageNetR3/ckpt_task_0.pt
2026-02-13 21:21:33,584 [trainer.py] => No NME accuracy.
2026-02-13 21:21:33,585 [trainer.py] => CNN: {'total': np.float64(89.85), '00-19': np.float64(89.85), 'old': 0, 'new': np.float64(89.85)}
2026-02-13 21:21:33,585 [trainer.py] => CNN top1 curve: [np.float64(89.85)]
2026-02-13 21:21:33,585 [trainer.py] => CNN top5 curve: [np.float64(97.88)]

Average Accuracy (CNN): 89.85
2026-02-13 21:21:33,585 [trainer.py] => Average Accuracy (CNN): 89.85 

task 1
2026-02-13 21:21:33,593 [trainer.py] => All params: 171981353
2026-02-13 21:21:33,601 [trainer.py] => Trainable params: 384041
2026-02-13 21:21:33,611 [sdlora.py] => Learning on 20-40
2026-02-13 21:21:46,212 [_builder.py] => Loading pretrained weights from Hugging Face hub (timm/vit_base_patch16_224.augreg2_in21k_ft_in1k)
2026-02-13 21:21:47,330 [_hub.py] => [timm/vit_base_patch16_224.augreg2_in21k_ft_in1k] Safe alternative available for 'pytorch_model.bin' (as 'model.safetensors'). Loading weights using safetensors.
save_file ./checkpoints/ImageNetR3/

  0%|          | 0/20 [00:00<?, ?it/s]
Task 1, Epoch 1/20 => Loss 1.878, Train_accy 28.58, Test_accy 79.47:   0%|          | 0/20 [00:26<?, ?it/s]
Task 1, Epoch 1/20 => Loss 1.878, Train_accy 28.58, Test_accy 79.47:   5%|▌         | 1/20 [00:26<08:28, 26.77s/it]
Task 1, Epoch 2/20 => Loss 0.650, Train_accy 67.45:   5%|▌         | 1/20 [00:43<08:28, 26.77s/it]                 
Task 1, Epoch 2/20 => Loss 0.650, Train_accy 67.45:  10%|█         | 2/20 [00:43<06:20, 21.14s/it]
Task 1, Epoch 3/20 => Loss 0.543, Train_accy 73.76:  10%|█         | 2/20 [01:00<06:20, 21.14s/it]
Task 1, Epoch 3/20 => Loss 0.543, Train_accy 73.76:  15%|█▌        | 3/20 [01:00<05:23, 19.05s/it]
Task 1, Epoch 4/20 => Loss 0.414, Train_accy 78.23:  15%|█▌        | 3/20 [01:16<05:23, 19.05s/it]
Task 1, Epoch 4/20 => Loss 0.414, Train_accy 78.23:  20%|██        | 4/20 [01:16<04:42, 17.66s/it]
Task 1, Epoch 5/20 => Loss 0.428, Train_accy 77.39:  20%|██        | 4/20 [01:31<04:42, 17.66s/it]
Task 1, Epoch 5/20 => Loss 0.428, Train_accy 77.39:  25%|██▌       | 5/20 [01:31<04:12, 16.80s/it]
Task 1, Epoch 6/20 => Loss 0.389, Train_accy 78.48, Test_accy 86.16:  25%|██▌       | 5/20 [01:58<04:12, 16.80s/it]
Task 1, Epoch 6/20 => Loss 0.389, Train_accy 78.48, Test_accy 86.16:  30%|███       | 6/20 [01:58<04:45, 20.36s/it]
Task 1, Epoch 7/20 => Loss 0.404, Train_accy 79.23:  30%|███       | 6/20 [02:14<04:45, 20.36s/it]                 
Task 1, Epoch 7/20 => Loss 0.404, Train_accy 79.23:  35%|███▌      | 7/20 [02:15<04:07, 19.06s/it]
Task 1, Epoch 8/20 => Loss 0.359, Train_accy 80.65:  35%|███▌      | 7/20 [02:30<04:07, 19.06s/it]
Task 1, Epoch 8/20 => Loss 0.359, Train_accy 80.65:  40%|████      | 8/20 [02:30<03:36, 18.01s/it]
Task 1, Epoch 9/20 => Loss 0.357, Train_accy 80.07:  40%|████      | 8/20 [02:46<03:36, 18.01s/it]
Task 1, Epoch 9/20 => Loss 0.357, Train_accy 80.07:  45%|████▌     | 9/20 [02:46<03:11, 17.42s/it]
Task 1, Epoch 10/20 => Loss 0.326, Train_accy 81.70:  45%|████▌     | 9/20 [03:02<03:11, 17.42s/it]
Task 1, Epoch 10/20 => Loss 0.326, Train_accy 81.70:  50%|█████     | 10/20 [03:02<02:47, 16.76s/it]
Task 1, Epoch 11/20 => Loss 0.321, Train_accy 81.78, Test_accy 86.40:  50%|█████     | 10/20 [03:27<02:47, 16.76s/it]
Task 1, Epoch 11/20 => Loss 0.321, Train_accy 81.78, Test_accy 86.40:  55%|█████▌    | 11/20 [03:27<02:53, 19.33s/it]
Task 1, Epoch 12/20 => Loss 0.326, Train_accy 82.41:  55%|█████▌    | 11/20 [03:44<02:53, 19.33s/it]                 
Task 1, Epoch 12/20 => Loss 0.326, Train_accy 82.41:  60%|██████    | 12/20 [03:44<02:29, 18.67s/it]
Task 1, Epoch 13/20 => Loss 0.327, Train_accy 82.87:  60%|██████    | 12/20 [04:01<02:29, 18.67s/it]
Task 1, Epoch 13/20 => Loss 0.327, Train_accy 82.87:  65%|██████▌   | 13/20 [04:01<02:06, 18.09s/it]
Task 1, Epoch 14/20 => Loss 0.265, Train_accy 84.83:  65%|██████▌   | 13/20 [04:17<02:06, 18.09s/it]
Task 1, Epoch 14/20 => Loss 0.265, Train_accy 84.83:  70%|███████   | 14/20 [04:17<01:44, 17.50s/it]
Task 1, Epoch 15/20 => Loss 0.300, Train_accy 83.49:  70%|███████   | 14/20 [04:32<01:44, 17.50s/it]
Task 1, Epoch 15/20 => Loss 0.300, Train_accy 83.49:  75%|███████▌  | 15/20 [04:32<01:23, 16.75s/it]
Task 1, Epoch 16/20 => Loss 0.277, Train_accy 84.79, Test_accy 86.24:  75%|███████▌  | 15/20 [04:57<01:23, 16.75s/it]
Task 1, Epoch 16/20 => Loss 0.277, Train_accy 84.79, Test_accy 86.24:  80%|████████  | 16/20 [04:57<01:16, 19.25s/it]
Task 1, Epoch 17/20 => Loss 0.258, Train_accy 84.50:  80%|████████  | 16/20 [05:12<01:16, 19.25s/it]                 
Task 1, Epoch 17/20 => Loss 0.258, Train_accy 84.50:  85%|████████▌ | 17/20 [05:12<00:53, 17.99s/it]
Task 1, Epoch 18/20 => Loss 0.317, Train_accy 83.33:  85%|████████▌ | 17/20 [05:27<00:53, 17.99s/it]
Task 1, Epoch 18/20 => Loss 0.317, Train_accy 83.33:  90%|█████████ | 18/20 [05:27<00:34, 17.18s/it]
Task 1, Epoch 19/20 => Loss 0.263, Train_accy 84.16:  90%|█████████ | 18/20 [05:44<00:34, 17.18s/it]
Task 1, Epoch 19/20 => Loss 0.263, Train_accy 84.16:  95%|█████████▌| 19/20 [05:44<00:16, 16.93s/it]
Task 1, Epoch 20/20 => Loss 0.258, Train_accy 85.08:  95%|█████████▌| 19/20 [06:00<00:16, 16.93s/it]
Task 1, Epoch 20/20 => Loss 0.258, Train_accy 85.08: 100%|██████████| 20/20 [06:00<00:00, 16.70s/it]
Task 1, Epoch 20/20 => Loss 0.258, Train_accy 85.08: 100%|██████████| 20/20 [06:00<00:00, 18.02s/it]
2026-02-13 21:27:51,533 [sdlora.py] => Task 1, Epoch 20/20 => Loss 0.258, Train_accy 85.08
2026-02-13 21:27:55,534 [sdlora.py] => Saved task checkpoint to: ./checkpoints/ImageNetR3/ckpt_task_1.pt
2026-02-13 21:28:05,880 [trainer.py] => No NME accuracy.
2026-02-13 21:28:05,881 [trainer.py] => CNN: {'total': np.float64(85.84), '00-19': np.float64(87.12), '20-39': np.float64(84.42), 'old': np.float64(87.12), 'new': np.float64(84.42)}
2026-02-13 21:28:05,881 [trainer.py] => CNN top1 curve: [np.float64(89.85), np.float64(85.84)]
2026-02-13 21:28:05,881 [trainer.py] => CNN top5 curve: [np.float64(97.88), np.float64(96.34)]

Average Accuracy (CNN): 87.845
2026-02-13 21:28:05,882 [trainer.py] => Average Accuracy (CNN): 87.845 

task 2
2026-02-13 21:28:05,887 [trainer.py] => All params: 171996733
2026-02-13 21:28:05,898 [trainer.py] => Trainable params: 399421
2026-02-13 21:28:05,907 [sdlora.py] => Learning on 40-60
2026-02-13 21:28:19,200 [_builder.py] => Loading pretrained weights from Hugging Face hub (timm/vit_base_patch16_224.augreg2_in21k_ft_in1k)
2026-02-13 21:28:20,054 [_hub.py] => [timm/vit_base_patch16_224.augreg2_in21k_ft_in1k] Safe alternative available for 'pytorch_model.bin' (as 'model.safetensors'). Loading weights using safetensors.
save_file ./checkpoints/ImageNetR3/

  0%|          | 0/20 [00:00<?, ?it/s]
Task 2, Epoch 1/20 => Loss 1.788, Train_accy 29.68, Test_accy 80.93:   0%|          | 0/20 [00:29<?, ?it/s]
Task 2, Epoch 1/20 => Loss 1.788, Train_accy 29.68, Test_accy 80.93:   5%|▌         | 1/20 [00:29<09:21, 29.55s/it]
Task 2, Epoch 2/20 => Loss 0.574, Train_accy 73.69:   5%|▌         | 1/20 [00:46<09:21, 29.55s/it]                 
Task 2, Epoch 2/20 => Loss 0.574, Train_accy 73.69:  10%|█         | 2/20 [00:46<06:35, 21.97s/it]
Task 2, Epoch 3/20 => Loss 0.423, Train_accy 79.72:  10%|█         | 2/20 [01:02<06:35, 21.97s/it]
Task 2, Epoch 3/20 => Loss 0.423, Train_accy 79.72:  15%|█▌        | 3/20 [01:02<05:29, 19.37s/it]
Task 2, Epoch 4/20 => Loss 0.351, Train_accy 81.37:  15%|█▌        | 3/20 [01:19<05:29, 19.37s/it]
Task 2, Epoch 4/20 => Loss 0.351, Train_accy 81.37:  20%|██        | 4/20 [01:19<04:54, 18.40s/it]
Task 2, Epoch 5/20 => Loss 0.314, Train_accy 82.25:  20%|██        | 4/20 [01:35<04:54, 18.40s/it]
Task 2, Epoch 5/20 => Loss 0.314, Train_accy 82.25:  25%|██▌       | 5/20 [01:35<04:23, 17.59s/it]
Task 2, Epoch 6/20 => Loss 0.295, Train_accy 82.70, Test_accy 85.00:  25%|██▌       | 5/20 [02:04<04:23, 17.59s/it]
Task 2, Epoch 6/20 => Loss 0.295, Train_accy 82.70, Test_accy 85.00:  30%|███       | 6/20 [02:04<05:00, 21.43s/it]
Task 2, Epoch 7/20 => Loss 0.341, Train_accy 82.83:  30%|███       | 6/20 [02:22<05:00, 21.43s/it]                 
Task 2, Epoch 7/20 => Loss 0.341, Train_accy 82.83:  35%|███▌      | 7/20 [02:22<04:22, 20.21s/it]
Task 2, Epoch 8/20 => Loss 0.285, Train_accy 83.58:  35%|███▌      | 7/20 [02:38<04:22, 20.21s/it]
Task 2, Epoch 8/20 => Loss 0.285, Train_accy 83.58:  40%|████      | 8/20 [02:38<03:48, 19.08s/it]
Task 2, Epoch 9/20 => Loss 0.265, Train_accy 83.41:  40%|████      | 8/20 [02:55<03:48, 19.08s/it]
Task 2, Epoch 9/20 => Loss 0.265, Train_accy 83.41:  45%|████▌     | 9/20 [02:55<03:21, 18.35s/it]
Task 2, Epoch 10/20 => Loss 0.280, Train_accy 84.12:  45%|████▌     | 9/20 [03:11<03:21, 18.35s/it]
Task 2, Epoch 10/20 => Loss 0.280, Train_accy 84.12:  50%|█████     | 10/20 [03:11<02:57, 17.75s/it]
Task 2, Epoch 11/20 => Loss 0.268, Train_accy 84.43, Test_accy 85.38:  50%|█████     | 10/20 [03:39<02:57, 17.75s/it]
Task 2, Epoch 11/20 => Loss 0.268, Train_accy 84.43, Test_accy 85.38:  55%|█████▌    | 11/20 [03:39<03:07, 20.88s/it]
Task 2, Epoch 12/20 => Loss 0.279, Train_accy 85.27:  55%|█████▌    | 11/20 [03:56<03:07, 20.88s/it]                 
Task 2, Epoch 12/20 => Loss 0.279, Train_accy 85.27:  60%|██████    | 12/20 [03:56<02:37, 19.71s/it]
Task 2, Epoch 13/20 => Loss 0.240, Train_accy 85.71:  60%|██████    | 12/20 [04:13<02:37, 19.71s/it]
Task 2, Epoch 13/20 => Loss 0.240, Train_accy 85.71:  65%|██████▌   | 13/20 [04:13<02:11, 18.81s/it]
Task 2, Epoch 14/20 => Loss 0.250, Train_accy 86.07:  65%|██████▌   | 13/20 [04:30<02:11, 18.81s/it]
Task 2, Epoch 14/20 => Loss 0.250, Train_accy 86.07:  70%|███████   | 14/20 [04:30<01:49, 18.22s/it]
Task 2, Epoch 15/20 => Loss 0.212, Train_accy 86.73:  70%|███████   | 14/20 [04:47<01:49, 18.22s/it]
Task 2, Epoch 15/20 => Loss 0.212, Train_accy 86.73:  75%|███████▌  | 15/20 [04:47<01:29, 17.88s/it]
Task 2, Epoch 16/20 => Loss 0.252, Train_accy 86.02, Test_accy 85.82:  75%|███████▌  | 15/20 [05:16<01:29, 17.88s/it]
Task 2, Epoch 16/20 => Loss 0.252, Train_accy 86.02, Test_accy 85.82:  80%|████████  | 16/20 [05:16<01:24, 21.04s/it]
Task 2, Epoch 17/20 => Loss 0.229, Train_accy 86.38:  80%|████████  | 16/20 [05:33<01:24, 21.04s/it]                 
Task 2, Epoch 17/20 => Loss 0.229, Train_accy 86.38:  85%|████████▌ | 17/20 [05:33<00:59, 19.82s/it]
Task 2, Epoch 18/20 => Loss 0.218, Train_accy 87.09:  85%|████████▌ | 17/20 [05:49<00:59, 19.82s/it]
Task 2, Epoch 18/20 => Loss 0.218, Train_accy 87.09:  90%|█████████ | 18/20 [05:49<00:37, 18.95s/it]
Task 2, Epoch 19/20 => Loss 0.241, Train_accy 86.87:  90%|█████████ | 18/20 [06:06<00:37, 18.95s/it]
Task 2, Epoch 19/20 => Loss 0.241, Train_accy 86.87:  95%|█████████▌| 19/20 [06:06<00:18, 18.19s/it]
Task 2, Epoch 20/20 => Loss 0.200, Train_accy 87.67:  95%|█████████▌| 19/20 [06:22<00:18, 18.19s/it]
Task 2, Epoch 20/20 => Loss 0.200, Train_accy 87.67: 100%|██████████| 20/20 [06:22<00:00, 17.72s/it]
Task 2, Epoch 20/20 => Loss 0.200, Train_accy 87.67: 100%|██████████| 20/20 [06:23<00:00, 19.15s/it]
2026-02-13 21:34:47,459 [sdlora.py] => Task 2, Epoch 20/20 => Loss 0.200, Train_accy 87.67
2026-02-13 21:34:51,490 [sdlora.py] => Saved task checkpoint to: ./checkpoints/ImageNetR3/ckpt_task_2.pt
2026-02-13 21:35:03,929 [trainer.py] => No NME accuracy.
2026-02-13 21:35:03,930 [trainer.py] => CNN: {'total': np.float64(85.49), '00-19': np.float64(84.39), '20-39': np.float64(83.75), '40-59': np.float64(88.63), 'old': np.float64(84.09), 'new': np.float64(88.63)}
2026-02-13 21:35:03,931 [trainer.py] => CNN top1 curve: [np.float64(89.85), np.float64(85.84), np.float64(85.49)]
2026-02-13 21:35:03,931 [trainer.py] => CNN top5 curve: [np.float64(97.88), np.float64(96.34), np.float64(95.71)]

Average Accuracy (CNN): 87.06
2026-02-13 21:35:03,931 [trainer.py] => Average Accuracy (CNN): 87.06 

task 3
2026-02-13 21:35:03,938 [trainer.py] => All params: 172012113
2026-02-13 21:35:03,949 [trainer.py] => Trainable params: 414801
2026-02-13 21:35:03,963 [sdlora.py] => Learning on 60-80
2026-02-13 21:35:15,985 [_builder.py] => Loading pretrained weights from Hugging Face hub (timm/vit_base_patch16_224.augreg2_in21k_ft_in1k)
2026-02-13 21:35:18,545 [_hub.py] => [timm/vit_base_patch16_224.augreg2_in21k_ft_in1k] Safe alternative available for 'pytorch_model.bin' (as 'model.safetensors'). Loading weights using safetensors.
save_file ./checkpoints/ImageNetR3/

  0%|          | 0/20 [00:00<?, ?it/s]
Task 3, Epoch 1/20 => Loss 1.905, Train_accy 26.01, Test_accy 80.15:   0%|          | 0/20 [00:33<?, ?it/s]
Task 3, Epoch 1/20 => Loss 1.905, Train_accy 26.01, Test_accy 80.15:   5%|▌         | 1/20 [00:33<10:38, 33.60s/it]
Task 3, Epoch 2/20 => Loss 0.693, Train_accy 64.33:   5%|▌         | 1/20 [00:51<10:38, 33.60s/it]                 
Task 3, Epoch 2/20 => Loss 0.693, Train_accy 64.33:  10%|█         | 2/20 [00:51<07:17, 24.30s/it]
Task 3, Epoch 3/20 => Loss 0.515, Train_accy 71.12:  10%|█         | 2/20 [01:09<07:17, 24.30s/it]
Task 3, Epoch 3/20 => Loss 0.515, Train_accy 71.12:  15%|█▌        | 3/20 [01:09<06:04, 21.46s/it]
Task 3, Epoch 4/20 => Loss 0.493, Train_accy 71.25:  15%|█▌        | 3/20 [01:27<06:04, 21.46s/it]
Task 3, Epoch 4/20 => Loss 0.493, Train_accy 71.25:  20%|██        | 4/20 [01:27<05:20, 20.02s/it]
Task 3, Epoch 5/20 => Loss 0.434, Train_accy 72.47:  20%|██        | 4/20 [01:45<05:20, 20.02s/it]
Task 3, Epoch 5/20 => Loss 0.434, Train_accy 72.47:  25%|██▌       | 5/20 [01:45<04:53, 19.54s/it]
Task 3, Epoch 6/20 => Loss 0.424, Train_accy 72.60, Test_accy 82.87:  25%|██▌       | 5/20 [02:19<04:53, 19.54s/it]
Task 3, Epoch 6/20 => Loss 0.424, Train_accy 72.60, Test_accy 82.87:  30%|███       | 6/20 [02:19<05:41, 24.38s/it]
Task 3, Epoch 7/20 => Loss 0.394, Train_accy 73.77:  30%|███       | 6/20 [02:38<05:41, 24.38s/it]                 
Task 3, Epoch 7/20 => Loss 0.394, Train_accy 73.77:  35%|███▌      | 7/20 [02:38<04:51, 22.41s/it]
Task 3, Epoch 8/20 => Loss 0.367, Train_accy 73.86:  35%|███▌      | 7/20 [02:55<04:51, 22.41s/it]
Task 3, Epoch 8/20 => Loss 0.367, Train_accy 73.86:  40%|████      | 8/20 [02:55<04:10, 20.90s/it]
Task 3, Epoch 9/20 => Loss 0.382, Train_accy 72.99:  40%|████      | 8/20 [03:15<04:10, 20.90s/it]
Task 3, Epoch 9/20 => Loss 0.382, Train_accy 72.99:  45%|████▌     | 9/20 [03:15<03:45, 20.46s/it]
Task 3, Epoch 10/20 => Loss 0.340, Train_accy 74.55:  45%|████▌     | 9/20 [03:32<03:45, 20.46s/it]
Task 3, Epoch 10/20 => Loss 0.340, Train_accy 74.55:  50%|█████     | 10/20 [03:33<03:16, 19.62s/it]
Task 3, Epoch 11/20 => Loss 0.317, Train_accy 76.95, Test_accy 83.16:  50%|█████     | 10/20 [04:06<03:16, 19.62s/it]
Task 3, Epoch 11/20 => Loss 0.317, Train_accy 76.95, Test_accy 83.16:  55%|█████▌    | 11/20 [04:06<03:34, 23.86s/it]
Task 3, Epoch 12/20 => Loss 0.351, Train_accy 74.64:  55%|█████▌    | 11/20 [04:24<03:34, 23.86s/it]                 
Task 3, Epoch 12/20 => Loss 0.351, Train_accy 74.64:  60%|██████    | 12/20 [04:24<02:56, 22.07s/it]
Task 3, Epoch 13/20 => Loss 0.316, Train_accy 77.90:  60%|██████    | 12/20 [04:41<02:56, 22.07s/it]
Task 3, Epoch 13/20 => Loss 0.316, Train_accy 77.90:  65%|██████▌   | 13/20 [04:41<02:24, 20.65s/it]
Task 3, Epoch 14/20 => Loss 0.303, Train_accy 77.73:  65%|██████▌   | 13/20 [05:01<02:24, 20.65s/it]
Task 3, Epoch 14/20 => Loss 0.303, Train_accy 77.73:  70%|███████   | 14/20 [05:01<02:01, 20.32s/it]
Task 3, Epoch 15/20 => Loss 0.308, Train_accy 77.21:  70%|███████   | 14/20 [05:19<02:01, 20.32s/it]
Task 3, Epoch 15/20 => Loss 0.308, Train_accy 77.21:  75%|███████▌  | 15/20 [05:19<01:38, 19.62s/it]
Task 3, Epoch 16/20 => Loss 0.282, Train_accy 78.25, Test_accy 83.62:  75%|███████▌  | 15/20 [05:52<01:38, 19.62s/it]
Task 3, Epoch 16/20 => Loss 0.282, Train_accy 78.25, Test_accy 83.62:  80%|████████  | 16/20 [05:52<01:34, 23.64s/it]
Task 3, Epoch 17/20 => Loss 0.312, Train_accy 77.86:  80%|████████  | 16/20 [06:11<01:34, 23.64s/it]                 
Task 3, Epoch 17/20 => Loss 0.312, Train_accy 77.86:  85%|████████▌ | 17/20 [06:11<01:07, 22.33s/it]
Task 3, Epoch 18/20 => Loss 0.313, Train_accy 78.51:  85%|████████▌ | 17/20 [06:30<01:07, 22.33s/it]
Task 3, Epoch 18/20 => Loss 0.313, Train_accy 78.51:  90%|█████████ | 18/20 [06:30<00:42, 21.40s/it]
Task 3, Epoch 19/20 => Loss 0.308, Train_accy 76.47:  90%|█████████ | 18/20 [06:49<00:42, 21.40s/it]
Task 3, Epoch 19/20 => Loss 0.308, Train_accy 76.47:  95%|█████████▌| 19/20 [06:49<00:20, 20.55s/it]
Task 3, Epoch 20/20 => Loss 0.273, Train_accy 78.21:  95%|█████████▌| 19/20 [07:07<00:20, 20.55s/it]
Task 3, Epoch 20/20 => Loss 0.273, Train_accy 78.21: 100%|██████████| 20/20 [07:07<00:00, 19.94s/it]
Task 3, Epoch 20/20 => Loss 0.273, Train_accy 78.21: 100%|██████████| 20/20 [07:07<00:00, 21.40s/it]
2026-02-13 21:42:30,670 [sdlora.py] => Task 3, Epoch 20/20 => Loss 0.273, Train_accy 78.21
2026-02-13 21:42:34,658 [sdlora.py] => Saved task checkpoint to: ./checkpoints/ImageNetR3/ckpt_task_3.pt
2026-02-13 21:42:49,979 [trainer.py] => No NME accuracy.
2026-02-13 21:42:49,980 [trainer.py] => CNN: {'total': np.float64(83.54), '00-19': np.float64(83.03), '20-39': np.float64(82.24), '40-59': np.float64(88.99), '60-79': np.float64(80.1), 'old': np.float64(84.62), 'new': np.float64(80.1)}
2026-02-13 21:42:49,980 [trainer.py] => CNN top1 curve: [np.float64(89.85), np.float64(85.84), np.float64(85.49), np.float64(83.54)]
2026-02-13 21:42:49,980 [trainer.py] => CNN top5 curve: [np.float64(97.88), np.float64(96.34), np.float64(95.71), np.float64(94.36)]

Average Accuracy (CNN): 86.18
2026-02-13 21:42:49,980 [trainer.py] => Average Accuracy (CNN): 86.18 

task 4
2026-02-13 21:42:49,984 [trainer.py] => All params: 172027493
2026-02-13 21:42:49,994 [trainer.py] => Trainable params: 430181
2026-02-13 21:42:50,007 [sdlora.py] => Learning on 80-100
2026-02-13 21:43:01,025 [_builder.py] => Loading pretrained weights from Hugging Face hub (timm/vit_base_patch16_224.augreg2_in21k_ft_in1k)
2026-02-13 21:43:02,970 [_hub.py] => [timm/vit_base_patch16_224.augreg2_in21k_ft_in1k] Safe alternative available for 'pytorch_model.bin' (as 'model.safetensors'). Loading weights using safetensors.
save_file ./checkpoints/ImageNetR3/

  0%|          | 0/20 [00:00<?, ?it/s]
Task 4, Epoch 1/20 => Loss 1.828, Train_accy 20.55, Test_accy 79.66:   0%|          | 0/20 [00:33<?, ?it/s]
Task 4, Epoch 1/20 => Loss 1.828, Train_accy 20.55, Test_accy 79.66:   5%|▌         | 1/20 [00:33<10:33, 33.33s/it]
Task 4, Epoch 2/20 => Loss 0.469, Train_accy 67.80:   5%|▌         | 1/20 [00:51<10:33, 33.33s/it]                 
Task 4, Epoch 2/20 => Loss 0.469, Train_accy 67.80:  10%|█         | 2/20 [00:51<07:16, 24.26s/it]
Task 4, Epoch 3/20 => Loss 0.386, Train_accy 75.85:  10%|█         | 2/20 [01:09<07:16, 24.26s/it]
Task 4, Epoch 3/20 => Loss 0.386, Train_accy 75.85:  15%|█▌        | 3/20 [01:09<06:04, 21.42s/it]
Task 4, Epoch 4/20 => Loss 0.321, Train_accy 76.89:  15%|█▌        | 3/20 [01:26<06:04, 21.42s/it]
Task 4, Epoch 4/20 => Loss 0.321, Train_accy 76.89:  20%|██        | 4/20 [01:26<05:17, 19.85s/it]
Task 4, Epoch 5/20 => Loss 0.323, Train_accy 77.04:  20%|██        | 4/20 [01:45<05:17, 19.85s/it]
Task 4, Epoch 5/20 => Loss 0.323, Train_accy 77.04:  25%|██▌       | 5/20 [01:45<04:53, 19.57s/it]
Task 4, Epoch 6/20 => Loss 0.296, Train_accy 78.79, Test_accy 82.49:  25%|██▌       | 5/20 [02:19<04:53, 19.57s/it]
Task 4, Epoch 6/20 => Loss 0.296, Train_accy 78.79, Test_accy 82.49:  30%|███       | 6/20 [02:19<05:42, 24.46s/it]
Task 4, Epoch 7/20 => Loss 0.301, Train_accy 77.46:  30%|███       | 6/20 [02:37<05:42, 24.46s/it]                 
Task 4, Epoch 7/20 => Loss 0.301, Train_accy 77.46:  35%|███▌      | 7/20 [02:37<04:49, 22.29s/it]
Task 4, Epoch 8/20 => Loss 0.321, Train_accy 77.79:  35%|███▌      | 7/20 [02:55<04:49, 22.29s/it]
Task 4, Epoch 8/20 => Loss 0.321, Train_accy 77.79:  40%|████      | 8/20 [02:55<04:10, 20.88s/it]
Task 4, Epoch 9/20 => Loss 0.290, Train_accy 79.26:  40%|████      | 8/20 [03:13<04:10, 20.88s/it]
Task 4, Epoch 9/20 => Loss 0.290, Train_accy 79.26:  45%|████▌     | 9/20 [03:13<03:41, 20.13s/it]
Task 4, Epoch 10/20 => Loss 0.289, Train_accy 77.94:  45%|████▌     | 9/20 [03:32<03:41, 20.13s/it]
Task 4, Epoch 10/20 => Loss 0.289, Train_accy 77.94:  50%|█████     | 10/20 [03:32<03:15, 19.55s/it]
Task 4, Epoch 11/20 => Loss 0.264, Train_accy 78.55, Test_accy 82.62:  50%|█████     | 10/20 [04:06<03:15, 19.55s/it]
Task 4, Epoch 11/20 => Loss 0.264, Train_accy 78.55, Test_accy 82.62:  55%|█████▌    | 11/20 [04:06<03:35, 23.96s/it]
Task 4, Epoch 12/20 => Loss 0.270, Train_accy 79.40:  55%|█████▌    | 11/20 [04:23<03:35, 23.96s/it]                 
Task 4, Epoch 12/20 => Loss 0.270, Train_accy 79.40:  60%|██████    | 12/20 [04:23<02:56, 22.10s/it]
Task 4, Epoch 13/20 => Loss 0.240, Train_accy 80.87:  60%|██████    | 12/20 [04:42<02:56, 22.10s/it]
Task 4, Epoch 13/20 => Loss 0.240, Train_accy 80.87:  65%|██████▌   | 13/20 [04:42<02:26, 20.87s/it]
Task 4, Epoch 14/20 => Loss 0.236, Train_accy 79.92:  65%|██████▌   | 13/20 [04:59<02:26, 20.87s/it]
Task 4, Epoch 14/20 => Loss 0.236, Train_accy 79.92:  70%|███████   | 14/20 [04:59<01:59, 19.99s/it]
Task 4, Epoch 15/20 => Loss 0.221, Train_accy 80.02:  70%|███████   | 14/20 [05:17<01:59, 19.99s/it]
Task 4, Epoch 15/20 => Loss 0.221, Train_accy 80.02:  75%|███████▌  | 15/20 [05:17<01:36, 19.22s/it]
Task 4, Epoch 16/20 => Loss 0.216, Train_accy 80.49, Test_accy 82.62:  75%|███████▌  | 15/20 [05:50<01:36, 19.22s/it]
Task 4, Epoch 16/20 => Loss 0.216, Train_accy 80.49, Test_accy 82.62:  80%|████████  | 16/20 [05:50<01:34, 23.54s/it]
Task 4, Epoch 17/20 => Loss 0.237, Train_accy 81.16:  80%|████████  | 16/20 [06:08<01:34, 23.54s/it]                 
Task 4, Epoch 17/20 => Loss 0.237, Train_accy 81.16:  85%|████████▌ | 17/20 [06:08<01:05, 21.83s/it]
Task 4, Epoch 18/20 => Loss 0.223, Train_accy 81.30:  85%|████████▌ | 17/20 [06:26<01:05, 21.83s/it]
Task 4, Epoch 18/20 => Loss 0.223, Train_accy 81.30:  90%|█████████ | 18/20 [06:26<00:41, 20.71s/it]
Task 4, Epoch 19/20 => Loss 0.221, Train_accy 81.82:  90%|█████████ | 18/20 [06:46<00:41, 20.71s/it]
Task 4, Epoch 19/20 => Loss 0.221, Train_accy 81.82:  95%|█████████▌| 19/20 [06:46<00:20, 20.27s/it]
Task 4, Epoch 20/20 => Loss 0.218, Train_accy 80.63:  95%|█████████▌| 19/20 [07:04<00:20, 20.27s/it]
Task 4, Epoch 20/20 => Loss 0.218, Train_accy 80.63: 100%|██████████| 20/20 [07:04<00:00, 19.67s/it]
Task 4, Epoch 20/20 => Loss 0.218, Train_accy 80.63: 100%|██████████| 20/20 [07:04<00:00, 21.22s/it]
2026-02-13 21:50:11,626 [sdlora.py] => Task 4, Epoch 20/20 => Loss 0.218, Train_accy 80.63
2026-02-13 21:50:15,778 [sdlora.py] => Saved task checkpoint to: ./checkpoints/ImageNetR3/ckpt_task_4.pt
2026-02-13 21:50:32,577 [trainer.py] => No NME accuracy.
2026-02-13 21:50:32,585 [trainer.py] => CNN: {'total': np.float64(82.83), '00-19': np.float64(80.76), '20-39': np.float64(80.23), '40-59': np.float64(87.03), '60-79': np.float64(80.98), '80-99': np.float64(85.79), 'old': np.float64(82.16), 'new': np.float64(85.79)}
2026-02-13 21:50:32,592 [trainer.py] => CNN top1 curve: [np.float64(89.85), np.float64(85.84), np.float64(85.49), np.float64(83.54), np.float64(82.83)]
2026-02-13 21:50:32,592 [trainer.py] => CNN top5 curve: [np.float64(97.88), np.float64(96.34), np.float64(95.71), np.float64(94.36), np.float64(93.87)]

Average Accuracy (CNN): 85.51
2026-02-13 21:50:32,592 [trainer.py] => Average Accuracy (CNN): 85.51 

task 5
2026-02-13 21:50:32,597 [trainer.py] => All params: 172042873
2026-02-13 21:50:32,601 [trainer.py] => Trainable params: 445561
2026-02-13 21:50:32,610 [sdlora.py] => Learning on 100-120
2026-02-13 21:50:43,447 [_builder.py] => Loading pretrained weights from Hugging Face hub (timm/vit_base_patch16_224.augreg2_in21k_ft_in1k)
Traceback (most recent call last):
  File "/data/yongxi/env/cv/lib/python3.10/site-packages/urllib3/connectionpool.py", line 464, in _make_request
    self._validate_conn(conn)
  File "/data/yongxi/env/cv/lib/python3.10/site-packages/urllib3/connectionpool.py", line 1093, in _validate_conn
    conn.connect()
  File "/data/yongxi/env/cv/lib/python3.10/site-packages/urllib3/connection.py", line 796, in connect
    sock_and_verified = _ssl_wrap_socket_and_match_hostname(
  File "/data/yongxi/env/cv/lib/python3.10/site-packages/urllib3/connection.py", line 975, in _ssl_wrap_socket_and_match_hostname
    ssl_sock = ssl_wrap_socket(
  File "/data/yongxi/env/cv/lib/python3.10/site-packages/urllib3/util/ssl_.py", line 483, in ssl_wrap_socket
    ssl_sock = _ssl_wrap_socket_impl(sock, context, tls_in_tls, server_hostname)
  File "/data/yongxi/env/cv/lib/python3.10/site-packages/urllib3/util/ssl_.py", line 527, in _ssl_wrap_socket_impl
    return ssl_context.wrap_socket(sock, server_hostname=server_hostname)
  File "/data/yongxi/env/cv/lib/python3.10/ssl.py", line 513, in wrap_socket
    return self.sslsocket_class._create(
  File "/data/yongxi/env/cv/lib/python3.10/ssl.py", line 1071, in _create
    self.do_handshake()
  File "/data/yongxi/env/cv/lib/python3.10/ssl.py", line 1342, in do_handshake
    self._sslobj.do_handshake()
ssl.SSLEOFError: EOF occurred in violation of protocol (_ssl.c:997)

During handling of the above exception, another exception occurred:

Traceback (most recent call last):
  File "/data/yongxi/env/cv/lib/python3.10/site-packages/urllib3/connectionpool.py", line 787, in urlopen
    response = self._make_request(
  File "/data/yongxi/env/cv/lib/python3.10/site-packages/urllib3/connectionpool.py", line 488, in _make_request
    raise new_e
urllib3.exceptions.SSLError: EOF occurred in violation of protocol (_ssl.c:997)

The above exception was the direct cause of the following exception:

Traceback (most recent call last):
  File "/data/yongxi/env/cv/lib/python3.10/site-packages/requests/adapters.py", line 644, in send
    resp = conn.urlopen(
  File "/data/yongxi/env/cv/lib/python3.10/site-packages/urllib3/connectionpool.py", line 841, in urlopen
    retries = retries.increment(
  File "/data/yongxi/env/cv/lib/python3.10/site-packages/urllib3/util/retry.py", line 535, in increment
    raise MaxRetryError(_pool, url, reason) from reason  # type: ignore[arg-type]
urllib3.exceptions.MaxRetryError: HTTPSConnectionPool(host='huggingface.co', port=443): Max retries exceeded with url: /timm/vit_base_patch16_224.augreg2_in21k_ft_in1k/resolve/main/model.safetensors (Caused by SSLError(SSLEOFError(8, 'EOF occurred in violation of protocol (_ssl.c:997)')))

During handling of the above exception, another exception occurred:

Traceback (most recent call last):
  File "/home/yongxi/work/sdlora/main.py", line 28, in <module>
    main()
  File "/home/yongxi/work/sdlora/main.py", line 12, in main
    train(args)
  File "/home/yongxi/work/sdlora/trainer.py", line 19, in train
    _train(args)
  File "/home/yongxi/work/sdlora/trainer.py", line 75, in _train
    model.incremental_train(data_manager)
  File "/home/yongxi/work/sdlora/models/sdlora.py", line 63, in incremental_train
    self._train(self.train_loader, self.test_loader)
  File "/home/yongxi/work/sdlora/models/sdlora.py", line 124, in _train
    self._network.backbone = self.update_network(index=False)
  File "/home/yongxi/work/sdlora/models/sdlora.py", line 83, in update_network
    model = timm.create_model("vit_base_patch16_224",pretrained=True, num_classes=0)
  File "/data/yongxi/env/cv/lib/python3.10/site-packages/timm/models/_factory.py", line 117, in create_model
    model = create_fn(
  File "/data/yongxi/env/cv/lib/python3.10/site-packages/timm/models/vision_transformer.py", line 2153, in vit_base_patch16_224
    model = _create_vision_transformer('vit_base_patch16_224', pretrained=pretrained, **dict(model_args, **kwargs))
  File "/data/yongxi/env/cv/lib/python3.10/site-packages/timm/models/vision_transformer.py", line 2053, in _create_vision_transformer
    return build_model_with_cfg(
  File "/data/yongxi/env/cv/lib/python3.10/site-packages/timm/models/_builder.py", line 427, in build_model_with_cfg
    load_pretrained(
  File "/data/yongxi/env/cv/lib/python3.10/site-packages/timm/models/_builder.py", line 205, in load_pretrained
    state_dict = load_state_dict_from_hf(pretrained_loc, weights_only=True)
  File "/data/yongxi/env/cv/lib/python3.10/site-packages/timm/models/_hub.py", line 183, in load_state_dict_from_hf
    cached_safe_file = hf_hub_download(repo_id=hf_model_id, filename=safe_filename, revision=hf_revision)
  File "/data/yongxi/env/cv/lib/python3.10/site-packages/huggingface_hub/utils/_deprecation.py", line 101, in inner_f
    return f(*args, **kwargs)
  File "/data/yongxi/env/cv/lib/python3.10/site-packages/huggingface_hub/utils/_validators.py", line 114, in _inner_fn
    return fn(*args, **kwargs)
  File "/data/yongxi/env/cv/lib/python3.10/site-packages/huggingface_hub/file_download.py", line 1240, in hf_hub_download
    return _hf_hub_download_to_cache_dir(
  File "/data/yongxi/env/cv/lib/python3.10/site-packages/huggingface_hub/file_download.py", line 1303, in _hf_hub_download_to_cache_dir
    (url_to_download, etag, commit_hash, expected_size, head_call_error) = _get_metadata_or_catch_error(
  File "/data/yongxi/env/cv/lib/python3.10/site-packages/huggingface_hub/file_download.py", line 1752, in _get_metadata_or_catch_error
    metadata = get_hf_file_metadata(
  File "/data/yongxi/env/cv/lib/python3.10/site-packages/huggingface_hub/utils/_validators.py", line 114, in _inner_fn
    return fn(*args, **kwargs)
  File "/data/yongxi/env/cv/lib/python3.10/site-packages/huggingface_hub/file_download.py", line 1674, in get_hf_file_metadata
    r = _request_wrapper(
  File "/data/yongxi/env/cv/lib/python3.10/site-packages/huggingface_hub/file_download.py", line 376, in _request_wrapper
    response = _request_wrapper(
  File "/data/yongxi/env/cv/lib/python3.10/site-packages/huggingface_hub/file_download.py", line 399, in _request_wrapper
    response = get_session().request(method=method, url=url, **params)
  File "/data/yongxi/env/cv/lib/python3.10/site-packages/requests/sessions.py", line 589, in request
    resp = self.send(prep, **send_kwargs)
  File "/data/yongxi/env/cv/lib/python3.10/site-packages/requests/sessions.py", line 703, in send
    r = adapter.send(request, **kwargs)
  File "/data/yongxi/env/cv/lib/python3.10/site-packages/huggingface_hub/utils/_http.py", line 66, in send
    return super().send(request, *args, **kwargs)
  File "/data/yongxi/env/cv/lib/python3.10/site-packages/requests/adapters.py", line 675, in send
    raise SSLError(e, request=request)
requests.exceptions.SSLError: (MaxRetryError("HTTPSConnectionPool(host='huggingface.co', port=443): Max retries exceeded with url: /timm/vit_base_patch16_224.augreg2_in21k_ft_in1k/resolve/main/model.safetensors (Caused by SSLError(SSLEOFError(8, 'EOF occurred in violation of protocol (_ssl.c:997)')))"), '(Request ID: 511ab1cd-1813-43d1-a251-906c08ee1881)')
seed [1996, 1997, 1998]
devices_type ['0']
2026-02-14 15:19:54,928 [trainer.py] => config: ./exps/sdlora_inr.json
2026-02-14 15:19:54,928 [trainer.py] => seed: 1996
2026-02-14 15:19:54,928 [trainer.py] => prefix: reproduce
2026-02-14 15:19:54,928 [trainer.py] => dataset: imagenetr
2026-02-14 15:19:54,928 [trainer.py] => memory_size: 0
2026-02-14 15:19:54,928 [trainer.py] => memory_per_class: 0
2026-02-14 15:19:54,928 [trainer.py] => fixed_memory: False
2026-02-14 15:19:54,928 [trainer.py] => shuffle: True
2026-02-14 15:19:54,928 [trainer.py] => init_cls: 20
2026-02-14 15:19:54,928 [trainer.py] => increment: 20
2026-02-14 15:19:54,928 [trainer.py] => model_name: sdlora
2026-02-14 15:19:54,928 [trainer.py] => backbone_type: vit_base_patch16_224
2026-02-14 15:19:54,928 [trainer.py] => device: [device(type='cuda', index=0)]
2026-02-14 15:19:54,928 [trainer.py] => optimizer: adam
2026-02-14 15:19:54,928 [trainer.py] => scheduler: constant
2026-02-14 15:19:54,928 [trainer.py] => filepath: ./checkpoints/ImageNetR3/
2026-02-14 15:19:54,928 [trainer.py] => init_epoch: 20
2026-02-14 15:19:54,928 [trainer.py] => init_lr: 0.01
2026-02-14 15:19:54,928 [trainer.py] => init_milestones: [10000]
2026-02-14 15:19:54,928 [trainer.py] => init_lr_decay: 0
2026-02-14 15:19:54,928 [trainer.py] => init_weight_decay: 0.0005
2026-02-14 15:19:54,929 [trainer.py] => epochs: 20
2026-02-14 15:19:54,929 [trainer.py] => lrate: 0.01
2026-02-14 15:19:54,929 [trainer.py] => milestones: [10000]
2026-02-14 15:19:54,929 [trainer.py] => lrate_decay: 0
2026-02-14 15:19:54,929 [trainer.py] => batch_size: 128
2026-02-14 15:19:54,929 [trainer.py] => weight_decay: 0.0002
2026-02-14 15:19:54,990 [data_manager.py] => [92, 182, 15, 79, 26, 173, 109, 188, 27, 157, 177, 6, 35, 93, 52, 136, 164, 184, 2, 125, 130, 179, 135, 150, 100, 97, 7, 86, 158, 178, 168, 78, 181, 170, 32, 89, 8, 192, 104, 12, 145, 120, 80, 49, 155, 85, 95, 33, 17, 175, 137, 44, 112, 124, 153, 190, 83, 138, 43, 73, 87, 94, 140, 134, 180, 105, 111, 24, 60, 149, 63, 123, 152, 116, 185, 176, 198, 194, 133, 46, 51, 195, 88, 197, 13, 103, 121, 174, 160, 82, 151, 18, 20, 34, 66, 50, 40, 3, 4, 118, 36, 144, 169, 72, 58, 99, 142, 161, 64, 47, 193, 127, 101, 31, 71, 196, 9, 110, 126, 199, 128, 122, 91, 119, 189, 16, 159, 81, 163, 21, 141, 156, 77, 30, 107, 19, 55, 57, 53, 106, 146, 45, 54, 172, 154, 183, 75, 143, 113, 62, 148, 11, 114, 131, 129, 171, 5, 96, 10, 39, 29, 165, 191, 70, 76, 23, 69, 115, 90, 56, 166, 68, 167, 42, 187, 147, 0, 22, 102, 108, 65, 61, 74, 59, 25, 37, 48, 84, 162, 28, 132, 139, 117, 14, 41, 38, 67, 98, 1, 186]
!!!!!!! multiple_gpus [device(type='cuda', index=0)]
This is for the BaseNet initialization.
2026-02-14 15:19:56,477 [_builder.py] => Loading pretrained weights from Hugging Face hub (timm/vit_base_patch16_224.augreg2_in21k_ft_in1k)
2026-02-14 15:20:02,374 [_hub.py] => [timm/vit_base_patch16_224.augreg2_in21k_ft_in1k] Safe alternative available for 'pytorch_model.bin' (as 'model.safetensors'). Loading weights using safetensors.
save_file ./checkpoints/ImageNetR3/
Initialize task-id and curtask id
After BaseNet initialization.
task 0
2026-02-14 15:20:02,820 [trainer.py] => All params: 171965973
2026-02-14 15:20:02,821 [trainer.py] => Trainable params: 368661
2026-02-14 15:20:02,821 [sdlora.py] => Learning on 0-20

  0%|          | 0/20 [00:00<?, ?it/s]
Task 0, Epoch 1/20 => Loss 2.027, Train_accy 43.63, Test_accy 75.45:   0%|          | 0/20 [00:11<?, ?it/s]
Task 0, Epoch 1/20 => Loss 2.027, Train_accy 43.63, Test_accy 75.45:   5%|▌         | 1/20 [00:11<03:42, 11.70s/it]
Task 0, Epoch 2/20 => Loss 0.909, Train_accy 73.47:   5%|▌         | 1/20 [00:21<03:42, 11.70s/it]                 
Task 0, Epoch 2/20 => Loss 0.909, Train_accy 73.47:  10%|█         | 2/20 [00:21<03:10, 10.57s/it]
Task 0, Epoch 3/20 => Loss 0.739, Train_accy 77.99:  10%|█         | 2/20 [00:31<03:10, 10.57s/it]
Task 0, Epoch 3/20 => Loss 0.739, Train_accy 77.99:  15%|█▌        | 3/20 [00:31<02:53, 10.20s/it]
Task 0, Epoch 4/20 => Loss 0.627, Train_accy 81.42:  15%|█▌        | 3/20 [00:41<02:53, 10.20s/it]
Task 0, Epoch 4/20 => Loss 0.627, Train_accy 81.42:  20%|██        | 4/20 [00:41<02:40, 10.03s/it]
Task 0, Epoch 5/20 => Loss 0.568, Train_accy 83.52:  20%|██        | 4/20 [00:50<02:40, 10.03s/it]
Task 0, Epoch 5/20 => Loss 0.568, Train_accy 83.52:  25%|██▌       | 5/20 [00:50<02:29,  9.95s/it]
Task 0, Epoch 6/20 => Loss 0.468, Train_accy 85.70, Test_accy 87.88:  25%|██▌       | 5/20 [01:02<02:29,  9.95s/it]
Task 0, Epoch 6/20 => Loss 0.468, Train_accy 85.70, Test_accy 87.88:  30%|███       | 6/20 [01:02<02:28, 10.58s/it]
Task 0, Epoch 7/20 => Loss 0.443, Train_accy 86.60:  30%|███       | 6/20 [01:12<02:28, 10.58s/it]                 
Task 0, Epoch 7/20 => Loss 0.443, Train_accy 86.60:  35%|███▌      | 7/20 [01:12<02:14, 10.36s/it]
Task 0, Epoch 8/20 => Loss 0.423, Train_accy 87.69:  35%|███▌      | 7/20 [01:22<02:14, 10.36s/it]
Task 0, Epoch 8/20 => Loss 0.423, Train_accy 87.69:  40%|████      | 8/20 [01:22<02:02, 10.20s/it]
Task 0, Epoch 9/20 => Loss 0.442, Train_accy 86.01:  40%|████      | 8/20 [01:32<02:02, 10.20s/it]
Task 0, Epoch 9/20 => Loss 0.442, Train_accy 86.01:  45%|████▌     | 9/20 [01:32<01:51, 10.11s/it]
Task 0, Epoch 10/20 => Loss 0.370, Train_accy 88.86:  45%|████▌     | 9/20 [01:42<01:51, 10.11s/it]
Task 0, Epoch 10/20 => Loss 0.370, Train_accy 88.86:  50%|█████     | 10/20 [01:42<01:40, 10.10s/it]
Task 0, Epoch 11/20 => Loss 0.343, Train_accy 90.18, Test_accy 90.45:  50%|█████     | 10/20 [01:54<01:40, 10.10s/it]
Task 0, Epoch 11/20 => Loss 0.343, Train_accy 90.18, Test_accy 90.45:  55%|█████▌    | 11/20 [01:54<01:36, 10.71s/it]
Task 0, Epoch 12/20 => Loss 0.334, Train_accy 90.03:  55%|█████▌    | 11/20 [02:04<01:36, 10.71s/it]                 
Task 0, Epoch 12/20 => Loss 0.334, Train_accy 90.03:  60%|██████    | 12/20 [02:04<01:24, 10.52s/it]
Task 0, Epoch 13/20 => Loss 0.300, Train_accy 91.08:  60%|██████    | 12/20 [02:14<01:24, 10.52s/it]
Task 0, Epoch 13/20 => Loss 0.300, Train_accy 91.08:  65%|██████▌   | 13/20 [02:14<01:12, 10.32s/it]
Task 0, Epoch 14/20 => Loss 0.334, Train_accy 89.95:  65%|██████▌   | 13/20 [02:24<01:12, 10.32s/it]
Task 0, Epoch 14/20 => Loss 0.334, Train_accy 89.95:  70%|███████   | 14/20 [02:24<01:01, 10.19s/it]
Task 0, Epoch 15/20 => Loss 0.310, Train_accy 89.75:  70%|███████   | 14/20 [02:34<01:01, 10.19s/it]
Task 0, Epoch 15/20 => Loss 0.310, Train_accy 89.75:  75%|███████▌  | 15/20 [02:34<00:50, 10.10s/it]
Task 0, Epoch 16/20 => Loss 0.292, Train_accy 91.23, Test_accy 90.45:  75%|███████▌  | 15/20 [02:45<00:50, 10.10s/it]
Task 0, Epoch 16/20 => Loss 0.292, Train_accy 91.23, Test_accy 90.45:  80%|████████  | 16/20 [02:45<00:42, 10.57s/it]
Task 0, Epoch 17/20 => Loss 0.333, Train_accy 90.92:  80%|████████  | 16/20 [02:55<00:42, 10.57s/it]                 
Task 0, Epoch 17/20 => Loss 0.333, Train_accy 90.92:  85%|████████▌ | 17/20 [02:55<00:31, 10.34s/it]
Task 0, Epoch 18/20 => Loss 0.325, Train_accy 90.61:  85%|████████▌ | 17/20 [03:05<00:31, 10.34s/it]
Task 0, Epoch 18/20 => Loss 0.325, Train_accy 90.61:  90%|█████████ | 18/20 [03:05<00:20, 10.21s/it]
Task 0, Epoch 19/20 => Loss 0.284, Train_accy 91.43:  90%|█████████ | 18/20 [03:15<00:20, 10.21s/it]
Task 0, Epoch 19/20 => Loss 0.284, Train_accy 91.43:  95%|█████████▌| 19/20 [03:15<00:10, 10.10s/it]
Task 0, Epoch 20/20 => Loss 0.312, Train_accy 90.77:  95%|█████████▌| 19/20 [03:25<00:10, 10.10s/it]
Task 0, Epoch 20/20 => Loss 0.312, Train_accy 90.77: 100%|██████████| 20/20 [03:25<00:00, 10.03s/it]
Task 0, Epoch 20/20 => Loss 0.312, Train_accy 90.77: 100%|██████████| 20/20 [03:25<00:00, 10.26s/it]
2026-02-14 15:23:28,157 [sdlora.py] => Task 0, Epoch 20/20 => Loss 0.312, Train_accy 90.77
2026-02-14 15:23:28,722 [sdlora.py] => Saved task checkpoint to: ./checkpoints/ImageNetR3/ckpt_task_0.pt
2026-02-14 15:23:30,610 [trainer.py] => No NME accuracy.
2026-02-14 15:23:30,610 [trainer.py] => CNN: {'total': np.float64(89.85), '00-19': np.float64(89.85), 'old': 0, 'new': np.float64(89.85)}
2026-02-14 15:23:30,610 [trainer.py] => CNN top1 curve: [np.float64(89.85)]
2026-02-14 15:23:30,610 [trainer.py] => CNN top5 curve: [np.float64(97.88)]

Average Accuracy (CNN): 89.85
2026-02-14 15:23:30,610 [trainer.py] => Average Accuracy (CNN): 89.85 

task 1
2026-02-14 15:23:30,612 [trainer.py] => All params: 171981353
2026-02-14 15:23:30,614 [trainer.py] => Trainable params: 384041
2026-02-14 15:23:30,615 [sdlora.py] => Learning on 20-40
2026-02-14 15:23:31,766 [_builder.py] => Loading pretrained weights from Hugging Face hub (timm/vit_base_patch16_224.augreg2_in21k_ft_in1k)
2026-02-14 15:23:37,846 [_hub.py] => [timm/vit_base_patch16_224.augreg2_in21k_ft_in1k] Safe alternative available for 'pytorch_model.bin' (as 'model.safetensors'). Loading weights using safetensors.
/root/SD-Lora-CL/backbone/lora.py:345: FutureWarning: You are using `torch.load` with `weights_only=False` (the current default value), which uses the default pickle module implicitly. It is possible to construct malicious pickle data which will execute arbitrary code during unpickling (See https://github.com/pytorch/pytorch/blob/main/SECURITY.md#untrusted-models for more details). In a future release, the default value for `weights_only` will be flipped to `True`. This limits the functions that could be executed during unpickling. Arbitrary objects will no longer be allowed to be loaded via this mode unless they are explicitly allowlisted by the user via `torch.serialization.add_safe_globals`. We recommend you start setting `weights_only=True` for any use case where you don't have full control of the loaded file. Please open an issue on GitHub for any issues related to this experimental feature.
  saved_lora_A['saved_A_'+str(i)] = torch.load(file_path)
/root/SD-Lora-CL/backbone/lora.py:347: FutureWarning: You are using `torch.load` with `weights_only=False` (the current default value), which uses the default pickle module implicitly. It is possible to construct malicious pickle data which will execute arbitrary code during unpickling (See https://github.com/pytorch/pytorch/blob/main/SECURITY.md#untrusted-models for more details). In a future release, the default value for `weights_only` will be flipped to `True`. This limits the functions that could be executed during unpickling. Arbitrary objects will no longer be allowed to be loaded via this mode unless they are explicitly allowlisted by the user via `torch.serialization.add_safe_globals`. We recommend you start setting `weights_only=True` for any use case where you don't have full control of the loaded file. Please open an issue on GitHub for any issues related to this experimental feature.
  saved_lora_B['saved_B_'+str(i)] = torch.load(file_path)
save_file ./checkpoints/ImageNetR3/

  0%|          | 0/20 [00:00<?, ?it/s]/root/SD-Lora-CL/backbone/lora.py:492: FutureWarning: You are using `torch.load` with `weights_only=False` (the current default value), which uses the default pickle module implicitly. It is possible to construct malicious pickle data which will execute arbitrary code during unpickling (See https://github.com/pytorch/pytorch/blob/main/SECURITY.md#untrusted-models for more details). In a future release, the default value for `weights_only` will be flipped to `True`. This limits the functions that could be executed during unpickling. Arbitrary objects will no longer be allowed to be loaded via this mode unless they are explicitly allowlisted by the user via `torch.serialization.add_safe_globals`. We recommend you start setting `weights_only=True` for any use case where you don't have full control of the loaded file. Please open an issue on GitHub for any issues related to this experimental feature.
  w_As = torch.load(file_path)

Task 1, Epoch 1/20 => Loss 1.878, Train_accy 28.58, Test_accy 79.47:   0%|          | 0/20 [00:13<?, ?it/s]
Task 1, Epoch 1/20 => Loss 1.878, Train_accy 28.58, Test_accy 79.47:   5%|▌         | 1/20 [00:13<04:07, 13.03s/it]
Task 1, Epoch 2/20 => Loss 0.650, Train_accy 67.45:   5%|▌         | 1/20 [00:23<04:07, 13.03s/it]                 
Task 1, Epoch 2/20 => Loss 0.650, Train_accy 67.45:  10%|█         | 2/20 [00:23<03:23, 11.32s/it]
Task 1, Epoch 3/20 => Loss 0.543, Train_accy 73.76:  10%|█         | 2/20 [00:33<03:23, 11.32s/it]
Task 1, Epoch 3/20 => Loss 0.543, Train_accy 73.76:  15%|█▌        | 3/20 [00:33<03:03, 10.80s/it]
Task 1, Epoch 4/20 => Loss 0.414, Train_accy 78.23:  15%|█▌        | 3/20 [00:43<03:03, 10.80s/it]
Task 1, Epoch 4/20 => Loss 0.414, Train_accy 78.23:  20%|██        | 4/20 [00:43<02:48, 10.51s/it]
Task 1, Epoch 5/20 => Loss 0.428, Train_accy 77.39:  20%|██        | 4/20 [00:53<02:48, 10.51s/it]
Task 1, Epoch 5/20 => Loss 0.428, Train_accy 77.39:  25%|██▌       | 5/20 [00:53<02:35, 10.34s/it]
Task 1, Epoch 6/20 => Loss 0.389, Train_accy 78.48, Test_accy 86.16:  25%|██▌       | 5/20 [01:06<02:35, 10.34s/it]
Task 1, Epoch 6/20 => Loss 0.389, Train_accy 78.48, Test_accy 86.16:  30%|███       | 6/20 [01:06<02:37, 11.27s/it]
Task 1, Epoch 7/20 => Loss 0.404, Train_accy 79.23:  30%|███       | 6/20 [01:16<02:37, 11.27s/it]                 
Task 1, Epoch 7/20 => Loss 0.404, Train_accy 79.23:  35%|███▌      | 7/20 [01:16<02:21, 10.87s/it]
Task 1, Epoch 8/20 => Loss 0.359, Train_accy 80.65:  35%|███▌      | 7/20 [01:26<02:21, 10.87s/it]
Task 1, Epoch 8/20 => Loss 0.359, Train_accy 80.65:  40%|████      | 8/20 [01:26<02:07, 10.63s/it]
Task 1, Epoch 9/20 => Loss 0.357, Train_accy 80.07:  40%|████      | 8/20 [01:36<02:07, 10.63s/it]
Task 1, Epoch 9/20 => Loss 0.357, Train_accy 80.07:  45%|████▌     | 9/20 [01:36<01:55, 10.47s/it]
Task 1, Epoch 10/20 => Loss 0.326, Train_accy 81.70:  45%|████▌     | 9/20 [01:46<01:55, 10.47s/it]
Task 1, Epoch 10/20 => Loss 0.326, Train_accy 81.70:  50%|█████     | 10/20 [01:46<01:43, 10.36s/it]
Task 1, Epoch 11/20 => Loss 0.321, Train_accy 81.78, Test_accy 86.40:  50%|█████     | 10/20 [01:59<01:43, 10.36s/it]
Task 1, Epoch 11/20 => Loss 0.321, Train_accy 81.78, Test_accy 86.40:  55%|█████▌    | 11/20 [01:59<01:40, 11.20s/it]
Task 1, Epoch 12/20 => Loss 0.326, Train_accy 82.41:  55%|█████▌    | 11/20 [02:10<01:40, 11.20s/it]                 
Task 1, Epoch 12/20 => Loss 0.326, Train_accy 82.41:  60%|██████    | 12/20 [02:10<01:27, 10.90s/it]
Task 1, Epoch 13/20 => Loss 0.327, Train_accy 82.87:  60%|██████    | 12/20 [02:20<01:27, 10.90s/it]
Task 1, Epoch 13/20 => Loss 0.327, Train_accy 82.87:  65%|██████▌   | 13/20 [02:20<01:14, 10.64s/it]
Task 1, Epoch 14/20 => Loss 0.265, Train_accy 84.79:  65%|██████▌   | 13/20 [02:30<01:14, 10.64s/it]
Task 1, Epoch 14/20 => Loss 0.265, Train_accy 84.79:  70%|███████   | 14/20 [02:30<01:02, 10.47s/it]
Task 1, Epoch 15/20 => Loss 0.300, Train_accy 83.49:  70%|███████   | 14/20 [02:40<01:02, 10.47s/it]
Task 1, Epoch 15/20 => Loss 0.300, Train_accy 83.49:  75%|███████▌  | 15/20 [02:40<00:51, 10.36s/it]
Task 1, Epoch 16/20 => Loss 0.277, Train_accy 84.79, Test_accy 86.24:  75%|███████▌  | 15/20 [02:53<00:51, 10.36s/it]
Task 1, Epoch 16/20 => Loss 0.277, Train_accy 84.79, Test_accy 86.24:  80%|████████  | 16/20 [02:53<00:44, 11.19s/it]
Task 1, Epoch 17/20 => Loss 0.258, Train_accy 84.50:  80%|████████  | 16/20 [03:03<00:44, 11.19s/it]                 
Task 1, Epoch 17/20 => Loss 0.258, Train_accy 84.50:  85%|████████▌ | 17/20 [03:03<00:32, 10.82s/it]
Task 1, Epoch 18/20 => Loss 0.317, Train_accy 83.28:  85%|████████▌ | 17/20 [03:13<00:32, 10.82s/it]
Task 1, Epoch 18/20 => Loss 0.317, Train_accy 83.28:  90%|█████████ | 18/20 [03:13<00:21, 10.60s/it]
Task 1, Epoch 19/20 => Loss 0.263, Train_accy 84.16:  90%|█████████ | 18/20 [03:23<00:21, 10.60s/it]
Task 1, Epoch 19/20 => Loss 0.263, Train_accy 84.16:  95%|█████████▌| 19/20 [03:23<00:10, 10.44s/it]
Task 1, Epoch 20/20 => Loss 0.258, Train_accy 85.04:  95%|█████████▌| 19/20 [03:33<00:10, 10.44s/it]
Task 1, Epoch 20/20 => Loss 0.258, Train_accy 85.04: 100%|██████████| 20/20 [03:33<00:00, 10.32s/it]
Task 1, Epoch 20/20 => Loss 0.258, Train_accy 85.04: 100%|██████████| 20/20 [03:33<00:00, 10.69s/it]
2026-02-14 15:27:11,718 [sdlora.py] => Task 1, Epoch 20/20 => Loss 0.258, Train_accy 85.04
/root/SD-Lora-CL/backbone/lora.py:445: FutureWarning: You are using `torch.load` with `weights_only=False` (the current default value), which uses the default pickle module implicitly. It is possible to construct malicious pickle data which will execute arbitrary code during unpickling (See https://github.com/pytorch/pytorch/blob/main/SECURITY.md#untrusted-models for more details). In a future release, the default value for `weights_only` will be flipped to `True`. This limits the functions that could be executed during unpickling. Arbitrary objects will no longer be allowed to be loaded via this mode unless they are explicitly allowlisted by the user via `torch.serialization.add_safe_globals`. We recommend you start setting `weights_only=True` for any use case where you don't have full control of the loaded file. Please open an issue on GitHub for any issues related to this experimental feature.
  scaling_param = torch.load(filename + 'scaling_factor'+str(self.task_id-2)+'.pt')
2026-02-14 15:27:12,319 [sdlora.py] => Saved task checkpoint to: ./checkpoints/ImageNetR3/ckpt_task_1.pt
2026-02-14 15:27:15,271 [trainer.py] => No NME accuracy.
2026-02-14 15:27:15,273 [trainer.py] => CNN: {'total': np.float64(85.92), '00-19': np.float64(87.27), '20-39': np.float64(84.42), 'old': np.float64(87.27), 'new': np.float64(84.42)}
2026-02-14 15:27:15,273 [trainer.py] => CNN top1 curve: [np.float64(89.85), np.float64(85.92)]
2026-02-14 15:27:15,273 [trainer.py] => CNN top5 curve: [np.float64(97.88), np.float64(96.34)]

Average Accuracy (CNN): 87.88499999999999
2026-02-14 15:27:15,273 [trainer.py] => Average Accuracy (CNN): 87.88499999999999 

task 2
2026-02-14 15:27:15,274 [trainer.py] => All params: 171996733
2026-02-14 15:27:15,275 [trainer.py] => Trainable params: 399421
2026-02-14 15:27:15,276 [sdlora.py] => Learning on 40-60
2026-02-14 15:27:16,003 [_builder.py] => Loading pretrained weights from Hugging Face hub (timm/vit_base_patch16_224.augreg2_in21k_ft_in1k)
2026-02-14 15:27:21,978 [_hub.py] => [timm/vit_base_patch16_224.augreg2_in21k_ft_in1k] Safe alternative available for 'pytorch_model.bin' (as 'model.safetensors'). Loading weights using safetensors.
save_file ./checkpoints/ImageNetR3/

  0%|          | 0/20 [00:00<?, ?it/s]
Task 2, Epoch 1/20 => Loss 1.788, Train_accy 29.77, Test_accy 80.82:   0%|          | 0/20 [00:14<?, ?it/s]
Task 2, Epoch 1/20 => Loss 1.788, Train_accy 29.77, Test_accy 80.82:   5%|▌         | 1/20 [00:14<04:38, 14.65s/it]
Task 2, Epoch 2/20 => Loss 0.573, Train_accy 73.65:   5%|▌         | 1/20 [00:25<04:38, 14.65s/it]                 
Task 2, Epoch 2/20 => Loss 0.573, Train_accy 73.65:  10%|█         | 2/20 [00:25<03:39, 12.19s/it]
Task 2, Epoch 3/20 => Loss 0.423, Train_accy 79.77:  10%|█         | 2/20 [00:35<03:39, 12.19s/it]
Task 2, Epoch 3/20 => Loss 0.423, Train_accy 79.77:  15%|█▌        | 3/20 [00:35<03:12, 11.34s/it]
Task 2, Epoch 4/20 => Loss 0.350, Train_accy 81.19:  15%|█▌        | 3/20 [00:45<03:12, 11.34s/it]
Task 2, Epoch 4/20 => Loss 0.350, Train_accy 81.19:  20%|██        | 4/20 [00:45<02:54, 10.93s/it]
Task 2, Epoch 5/20 => Loss 0.314, Train_accy 82.25:  20%|██        | 4/20 [00:56<02:54, 10.93s/it]
Task 2, Epoch 5/20 => Loss 0.314, Train_accy 82.25:  25%|██▌       | 5/20 [00:56<02:40, 10.70s/it]
Task 2, Epoch 6/20 => Loss 0.295, Train_accy 82.79, Test_accy 85.00:  25%|██▌       | 5/20 [01:10<02:40, 10.70s/it]
Task 2, Epoch 6/20 => Loss 0.295, Train_accy 82.79, Test_accy 85.00:  30%|███       | 6/20 [01:10<02:48, 12.02s/it]
Task 2, Epoch 7/20 => Loss 0.341, Train_accy 82.87:  30%|███       | 6/20 [01:20<02:48, 12.02s/it]                 
Task 2, Epoch 7/20 => Loss 0.341, Train_accy 82.87:  35%|███▌      | 7/20 [01:20<02:29, 11.47s/it]
Task 2, Epoch 8/20 => Loss 0.284, Train_accy 83.45:  35%|███▌      | 7/20 [01:31<02:29, 11.47s/it]
Task 2, Epoch 8/20 => Loss 0.284, Train_accy 83.45:  40%|████      | 8/20 [01:31<02:13, 11.12s/it]
Task 2, Epoch 9/20 => Loss 0.265, Train_accy 83.50:  40%|████      | 8/20 [01:41<02:13, 11.12s/it]
Task 2, Epoch 9/20 => Loss 0.265, Train_accy 83.50:  45%|████▌     | 9/20 [01:41<01:59, 10.89s/it]
Task 2, Epoch 10/20 => Loss 0.280, Train_accy 83.90:  45%|████▌     | 9/20 [01:52<01:59, 10.89s/it]
Task 2, Epoch 10/20 => Loss 0.280, Train_accy 83.90:  50%|█████     | 10/20 [01:52<01:47, 10.73s/it]
Task 2, Epoch 11/20 => Loss 0.268, Train_accy 84.52, Test_accy 85.33:  50%|█████     | 10/20 [02:06<01:47, 10.73s/it]
Task 2, Epoch 11/20 => Loss 0.268, Train_accy 84.52, Test_accy 85.33:  55%|█████▌    | 11/20 [02:06<01:46, 11.88s/it]
Task 2, Epoch 12/20 => Loss 0.280, Train_accy 85.36:  55%|█████▌    | 11/20 [02:16<01:46, 11.88s/it]                 
Task 2, Epoch 12/20 => Loss 0.280, Train_accy 85.36:  60%|██████    | 12/20 [02:16<01:31, 11.42s/it]
Task 2, Epoch 13/20 => Loss 0.240, Train_accy 85.67:  60%|██████    | 12/20 [02:27<01:31, 11.42s/it]
Task 2, Epoch 13/20 => Loss 0.240, Train_accy 85.67:  65%|██████▌   | 13/20 [02:27<01:17, 11.13s/it]
Task 2, Epoch 14/20 => Loss 0.250, Train_accy 86.11:  65%|██████▌   | 13/20 [02:37<01:17, 11.13s/it]
Task 2, Epoch 14/20 => Loss 0.250, Train_accy 86.11:  70%|███████   | 14/20 [02:37<01:05, 10.92s/it]
Task 2, Epoch 15/20 => Loss 0.211, Train_accy 86.96:  70%|███████   | 14/20 [02:48<01:05, 10.92s/it]
Task 2, Epoch 15/20 => Loss 0.211, Train_accy 86.96:  75%|███████▌  | 15/20 [02:48<00:54, 10.84s/it]
Task 2, Epoch 16/20 => Loss 0.252, Train_accy 86.16, Test_accy 85.77:  75%|███████▌  | 15/20 [03:03<00:54, 10.84s/it]
Task 2, Epoch 16/20 => Loss 0.252, Train_accy 86.16, Test_accy 85.77:  80%|████████  | 16/20 [03:03<00:47, 11.96s/it]
Task 2, Epoch 17/20 => Loss 0.229, Train_accy 86.42:  80%|████████  | 16/20 [03:13<00:47, 11.96s/it]                 
Task 2, Epoch 17/20 => Loss 0.229, Train_accy 86.42:  85%|████████▌ | 17/20 [03:13<00:34, 11.50s/it]
Task 2, Epoch 18/20 => Loss 0.218, Train_accy 87.13:  85%|████████▌ | 17/20 [03:23<00:34, 11.50s/it]
Task 2, Epoch 18/20 => Loss 0.218, Train_accy 87.13:  90%|█████████ | 18/20 [03:23<00:22, 11.18s/it]
Task 2, Epoch 19/20 => Loss 0.241, Train_accy 86.73:  90%|█████████ | 18/20 [03:34<00:22, 11.18s/it]
Task 2, Epoch 19/20 => Loss 0.241, Train_accy 86.73:  95%|█████████▌| 19/20 [03:34<00:10, 10.93s/it]
Task 2, Epoch 20/20 => Loss 0.201, Train_accy 87.67:  95%|█████████▌| 19/20 [03:44<00:10, 10.93s/it]
Task 2, Epoch 20/20 => Loss 0.201, Train_accy 87.67: 100%|██████████| 20/20 [03:44<00:00, 10.75s/it]
Task 2, Epoch 20/20 => Loss 0.201, Train_accy 87.67: 100%|██████████| 20/20 [03:44<00:00, 11.23s/it]
2026-02-14 15:31:07,535 [sdlora.py] => Task 2, Epoch 20/20 => Loss 0.201, Train_accy 87.67
2026-02-14 15:31:08,122 [sdlora.py] => Saved task checkpoint to: ./checkpoints/ImageNetR3/ckpt_task_2.pt
2026-02-14 15:31:12,274 [trainer.py] => No NME accuracy.
2026-02-14 15:31:12,274 [trainer.py] => CNN: {'total': np.float64(85.38), '00-19': np.float64(84.24), '20-39': np.float64(83.75), '40-59': np.float64(88.45), 'old': np.float64(84.01), 'new': np.float64(88.45)}
2026-02-14 15:31:12,274 [trainer.py] => CNN top1 curve: [np.float64(89.85), np.float64(85.92), np.float64(85.38)]
2026-02-14 15:31:12,274 [trainer.py] => CNN top5 curve: [np.float64(97.88), np.float64(96.34), np.float64(95.55)]

Average Accuracy (CNN): 87.05
2026-02-14 15:31:12,274 [trainer.py] => Average Accuracy (CNN): 87.05 

task 3
2026-02-14 15:31:12,276 [trainer.py] => All params: 172012113
2026-02-14 15:31:12,277 [trainer.py] => Trainable params: 414801
2026-02-14 15:31:12,278 [sdlora.py] => Learning on 60-80
2026-02-14 15:31:13,298 [_builder.py] => Loading pretrained weights from Hugging Face hub (timm/vit_base_patch16_224.augreg2_in21k_ft_in1k)
2026-02-14 15:31:19,091 [_hub.py] => [timm/vit_base_patch16_224.augreg2_in21k_ft_in1k] Safe alternative available for 'pytorch_model.bin' (as 'model.safetensors'). Loading weights using safetensors.
save_file ./checkpoints/ImageNetR3/

  0%|          | 0/20 [00:00<?, ?it/s]
Task 3, Epoch 1/20 => Loss 1.905, Train_accy 26.05, Test_accy 80.19:   0%|          | 0/20 [00:16<?, ?it/s]
Task 3, Epoch 1/20 => Loss 1.905, Train_accy 26.05, Test_accy 80.19:   5%|▌         | 1/20 [00:16<05:22, 16.96s/it]
Task 3, Epoch 2/20 => Loss 0.693, Train_accy 64.33:   5%|▌         | 1/20 [00:28<05:22, 16.96s/it]                 
Task 3, Epoch 2/20 => Loss 0.693, Train_accy 64.33:  10%|█         | 2/20 [00:28<04:06, 13.70s/it]
Task 3, Epoch 3/20 => Loss 0.516, Train_accy 71.03:  10%|█         | 2/20 [00:39<04:06, 13.70s/it]
Task 3, Epoch 3/20 => Loss 0.516, Train_accy 71.03:  15%|█▌        | 3/20 [00:39<03:34, 12.61s/it]
Task 3, Epoch 4/20 => Loss 0.491, Train_accy 71.20:  15%|█▌        | 3/20 [00:51<03:34, 12.61s/it]
Task 3, Epoch 4/20 => Loss 0.491, Train_accy 71.20:  20%|██        | 4/20 [00:51<03:13, 12.10s/it]
Task 3, Epoch 5/20 => Loss 0.432, Train_accy 72.34:  20%|██        | 4/20 [01:02<03:13, 12.10s/it]
Task 3, Epoch 5/20 => Loss 0.432, Train_accy 72.34:  25%|██▌       | 5/20 [01:02<02:57, 11.85s/it]
Task 3, Epoch 6/20 => Loss 0.423, Train_accy 72.64, Test_accy 82.78:  25%|██▌       | 5/20 [01:19<02:57, 11.85s/it]
Task 3, Epoch 6/20 => Loss 0.423, Train_accy 72.64, Test_accy 82.78:  30%|███       | 6/20 [01:19<03:09, 13.52s/it]
Task 3, Epoch 7/20 => Loss 0.394, Train_accy 73.64:  30%|███       | 6/20 [01:30<03:09, 13.52s/it]                 
Task 3, Epoch 7/20 => Loss 0.394, Train_accy 73.64:  35%|███▌      | 7/20 [01:30<02:46, 12.80s/it]
Task 3, Epoch 8/20 => Loss 0.367, Train_accy 73.47:  35%|███▌      | 7/20 [01:41<02:46, 12.80s/it]
Task 3, Epoch 8/20 => Loss 0.367, Train_accy 73.47:  40%|████      | 8/20 [01:41<02:28, 12.35s/it]
Task 3, Epoch 9/20 => Loss 0.382, Train_accy 72.86:  40%|████      | 8/20 [01:53<02:28, 12.35s/it]
Task 3, Epoch 9/20 => Loss 0.382, Train_accy 72.86:  45%|████▌     | 9/20 [01:53<02:12, 12.03s/it]
Task 3, Epoch 10/20 => Loss 0.337, Train_accy 74.51:  45%|████▌     | 9/20 [02:04<02:12, 12.03s/it]
Task 3, Epoch 10/20 => Loss 0.337, Train_accy 74.51:  50%|█████     | 10/20 [02:04<01:58, 11.84s/it]
Task 3, Epoch 11/20 => Loss 0.316, Train_accy 76.69, Test_accy 83.24:  50%|█████     | 10/20 [02:21<01:58, 11.84s/it]
Task 3, Epoch 11/20 => Loss 0.316, Train_accy 76.69, Test_accy 83.24:  55%|█████▌    | 11/20 [02:21<02:00, 13.38s/it]
Task 3, Epoch 12/20 => Loss 0.350, Train_accy 74.55:  55%|█████▌    | 11/20 [02:32<02:00, 13.38s/it]                 
Task 3, Epoch 12/20 => Loss 0.350, Train_accy 74.55:  60%|██████    | 12/20 [02:32<01:42, 12.75s/it]
Task 3, Epoch 13/20 => Loss 0.315, Train_accy 78.03:  60%|██████    | 12/20 [02:44<01:42, 12.75s/it]
Task 3, Epoch 13/20 => Loss 0.315, Train_accy 78.03:  65%|██████▌   | 13/20 [02:44<01:26, 12.35s/it]
Task 3, Epoch 14/20 => Loss 0.302, Train_accy 77.56:  65%|██████▌   | 13/20 [02:55<01:26, 12.35s/it]
Task 3, Epoch 14/20 => Loss 0.302, Train_accy 77.56:  70%|███████   | 14/20 [02:55<01:12, 12.16s/it]
Task 3, Epoch 15/20 => Loss 0.308, Train_accy 76.99:  70%|███████   | 14/20 [03:07<01:12, 12.16s/it]
Task 3, Epoch 15/20 => Loss 0.308, Train_accy 76.99:  75%|███████▌  | 15/20 [03:07<00:59, 11.91s/it]
Task 3, Epoch 16/20 => Loss 0.282, Train_accy 77.95, Test_accy 83.28:  75%|███████▌  | 15/20 [03:24<00:59, 11.91s/it]
Task 3, Epoch 16/20 => Loss 0.282, Train_accy 77.95, Test_accy 83.28:  80%|████████  | 16/20 [03:24<00:53, 13.39s/it]
Task 3, Epoch 17/20 => Loss 0.313, Train_accy 77.64:  80%|████████  | 16/20 [03:35<00:53, 13.39s/it]                 
Task 3, Epoch 17/20 => Loss 0.313, Train_accy 77.64:  85%|████████▌ | 17/20 [03:35<00:38, 12.91s/it]
Task 3, Epoch 18/20 => Loss 0.311, Train_accy 78.43:  85%|████████▌ | 17/20 [03:47<00:38, 12.91s/it]
Task 3, Epoch 18/20 => Loss 0.311, Train_accy 78.43:  90%|█████████ | 18/20 [03:47<00:25, 12.51s/it]
Task 3, Epoch 19/20 => Loss 0.308, Train_accy 76.60:  90%|█████████ | 18/20 [03:58<00:25, 12.51s/it]
Task 3, Epoch 19/20 => Loss 0.308, Train_accy 76.60:  95%|█████████▌| 19/20 [03:58<00:12, 12.20s/it]
Task 3, Epoch 20/20 => Loss 0.272, Train_accy 78.34:  95%|█████████▌| 19/20 [04:10<00:12, 12.20s/it]
Task 3, Epoch 20/20 => Loss 0.272, Train_accy 78.34: 100%|██████████| 20/20 [04:10<00:00, 11.96s/it]
Task 3, Epoch 20/20 => Loss 0.272, Train_accy 78.34: 100%|██████████| 20/20 [04:10<00:00, 12.52s/it]
2026-02-14 15:35:30,652 [sdlora.py] => Task 3, Epoch 20/20 => Loss 0.272, Train_accy 78.34
2026-02-14 15:35:31,225 [sdlora.py] => Saved task checkpoint to: ./checkpoints/ImageNetR3/ckpt_task_3.pt
2026-02-14 15:35:36,672 [trainer.py] => No NME accuracy.
2026-02-14 15:35:36,673 [trainer.py] => CNN: {'total': np.float64(83.28), '00-19': np.float64(82.88), '20-39': np.float64(82.08), '40-59': np.float64(88.63), '60-79': np.float64(79.76), 'old': np.float64(84.4), 'new': np.float64(79.76)}
2026-02-14 15:35:36,673 [trainer.py] => CNN top1 curve: [np.float64(89.85), np.float64(85.92), np.float64(85.38), np.float64(83.28)]
2026-02-14 15:35:36,673 [trainer.py] => CNN top5 curve: [np.float64(97.88), np.float64(96.34), np.float64(95.55), np.float64(94.32)]

Average Accuracy (CNN): 86.10749999999999
2026-02-14 15:35:36,673 [trainer.py] => Average Accuracy (CNN): 86.10749999999999 

task 4
2026-02-14 15:35:36,675 [trainer.py] => All params: 172027493
2026-02-14 15:35:36,676 [trainer.py] => Trainable params: 430181
2026-02-14 15:35:36,677 [sdlora.py] => Learning on 80-100
2026-02-14 15:35:37,528 [_builder.py] => Loading pretrained weights from Hugging Face hub (timm/vit_base_patch16_224.augreg2_in21k_ft_in1k)
2026-02-14 15:35:43,321 [_hub.py] => [timm/vit_base_patch16_224.augreg2_in21k_ft_in1k] Safe alternative available for 'pytorch_model.bin' (as 'model.safetensors'). Loading weights using safetensors.
save_file ./checkpoints/ImageNetR3/

  0%|          | 0/20 [00:00<?, ?it/s]
Task 4, Epoch 1/20 => Loss 1.829, Train_accy 20.41, Test_accy 79.73:   0%|          | 0/20 [00:18<?, ?it/s]
Task 4, Epoch 1/20 => Loss 1.829, Train_accy 20.41, Test_accy 79.73:   5%|▌         | 1/20 [00:18<05:42, 18.00s/it]
Task 4, Epoch 2/20 => Loss 0.468, Train_accy 68.04:   5%|▌         | 1/20 [00:29<05:42, 18.00s/it]                 
Task 4, Epoch 2/20 => Loss 0.468, Train_accy 68.04:  10%|█         | 2/20 [00:29<04:12, 14.00s/it]
Task 4, Epoch 3/20 => Loss 0.385, Train_accy 76.14:  10%|█         | 2/20 [00:40<04:12, 14.00s/it]
Task 4, Epoch 3/20 => Loss 0.385, Train_accy 76.14:  15%|█▌        | 3/20 [00:40<03:35, 12.70s/it]
Task 4, Epoch 4/20 => Loss 0.321, Train_accy 76.70:  15%|█▌        | 3/20 [00:51<03:35, 12.70s/it]
Task 4, Epoch 4/20 => Loss 0.321, Train_accy 76.70:  20%|██        | 4/20 [00:51<03:13, 12.11s/it]
Task 4, Epoch 5/20 => Loss 0.321, Train_accy 76.85:  20%|██        | 4/20 [01:02<03:13, 12.11s/it]
Task 4, Epoch 5/20 => Loss 0.321, Train_accy 76.85:  25%|██▌       | 5/20 [01:02<02:56, 11.79s/it]
Task 4, Epoch 6/20 => Loss 0.296, Train_accy 78.50, Test_accy 82.15:  25%|██▌       | 5/20 [01:20<02:56, 11.79s/it]
Task 4, Epoch 6/20 => Loss 0.296, Train_accy 78.50, Test_accy 82.15:  30%|███       | 6/20 [01:20<03:14, 13.92s/it]
Task 4, Epoch 7/20 => Loss 0.300, Train_accy 77.65:  30%|███       | 6/20 [01:32<03:14, 13.92s/it]                 
Task 4, Epoch 7/20 => Loss 0.300, Train_accy 77.65:  35%|███▌      | 7/20 [01:32<02:49, 13.05s/it]
Task 4, Epoch 8/20 => Loss 0.323, Train_accy 77.75:  35%|███▌      | 7/20 [01:43<02:49, 13.05s/it]
Task 4, Epoch 8/20 => Loss 0.323, Train_accy 77.75:  40%|████      | 8/20 [01:43<02:29, 12.46s/it]
Task 4, Epoch 9/20 => Loss 0.289, Train_accy 79.40:  40%|████      | 8/20 [01:54<02:29, 12.46s/it]
Task 4, Epoch 9/20 => Loss 0.289, Train_accy 79.40:  45%|████▌     | 9/20 [01:54<02:13, 12.12s/it]
Task 4, Epoch 10/20 => Loss 0.288, Train_accy 77.84:  45%|████▌     | 9/20 [02:05<02:13, 12.12s/it]
Task 4, Epoch 10/20 => Loss 0.288, Train_accy 77.84:  50%|█████     | 10/20 [02:05<01:58, 11.86s/it]
Task 4, Epoch 11/20 => Loss 0.264, Train_accy 78.55, Test_accy 82.69:  50%|█████     | 10/20 [02:23<01:58, 11.86s/it]
Task 4, Epoch 11/20 => Loss 0.264, Train_accy 78.55, Test_accy 82.69:  55%|█████▌    | 11/20 [02:23<02:03, 13.72s/it]
Task 4, Epoch 12/20 => Loss 0.271, Train_accy 79.55:  55%|█████▌    | 11/20 [02:35<02:03, 13.72s/it]                 
Task 4, Epoch 12/20 => Loss 0.271, Train_accy 79.55:  60%|██████    | 12/20 [02:35<01:43, 12.97s/it]
Task 4, Epoch 13/20 => Loss 0.242, Train_accy 80.87:  60%|██████    | 12/20 [02:46<01:43, 12.97s/it]
Task 4, Epoch 13/20 => Loss 0.242, Train_accy 80.87:  65%|██████▌   | 13/20 [02:46<01:27, 12.46s/it]
Task 4, Epoch 14/20 => Loss 0.236, Train_accy 80.26:  65%|██████▌   | 13/20 [02:57<01:27, 12.46s/it]
Task 4, Epoch 14/20 => Loss 0.236, Train_accy 80.26:  70%|███████   | 14/20 [02:57<01:12, 12.07s/it]
Task 4, Epoch 15/20 => Loss 0.222, Train_accy 80.45:  70%|███████   | 14/20 [03:08<01:12, 12.07s/it]
Task 4, Epoch 15/20 => Loss 0.222, Train_accy 80.45:  75%|███████▌  | 15/20 [03:08<00:59, 11.82s/it]
Task 4, Epoch 16/20 => Loss 0.216, Train_accy 80.26, Test_accy 82.42:  75%|███████▌  | 15/20 [03:26<00:59, 11.82s/it]
Task 4, Epoch 16/20 => Loss 0.216, Train_accy 80.26, Test_accy 82.42:  80%|████████  | 16/20 [03:26<00:54, 13.70s/it]
Task 4, Epoch 17/20 => Loss 0.237, Train_accy 81.20:  80%|████████  | 16/20 [03:38<00:54, 13.70s/it]                 
Task 4, Epoch 17/20 => Loss 0.237, Train_accy 81.20:  85%|████████▌ | 17/20 [03:38<00:38, 12.95s/it]
Task 4, Epoch 18/20 => Loss 0.224, Train_accy 81.34:  85%|████████▌ | 17/20 [03:49<00:38, 12.95s/it]
Task 4, Epoch 18/20 => Loss 0.224, Train_accy 81.34:  90%|█████████ | 18/20 [03:49<00:24, 12.43s/it]
Task 4, Epoch 19/20 => Loss 0.220, Train_accy 81.91:  90%|█████████ | 18/20 [04:00<00:24, 12.43s/it]
Task 4, Epoch 19/20 => Loss 0.220, Train_accy 81.91:  95%|█████████▌| 19/20 [04:00<00:12, 12.10s/it]
Task 4, Epoch 20/20 => Loss 0.219, Train_accy 80.35:  95%|█████████▌| 19/20 [04:11<00:12, 12.10s/it]
Task 4, Epoch 20/20 => Loss 0.219, Train_accy 80.35: 100%|██████████| 20/20 [04:11<00:00, 11.83s/it]
Task 4, Epoch 20/20 => Loss 0.219, Train_accy 80.35: 100%|██████████| 20/20 [04:11<00:00, 12.59s/it]
2026-02-14 15:39:55,967 [sdlora.py] => Task 4, Epoch 20/20 => Loss 0.219, Train_accy 80.35
2026-02-14 15:39:56,542 [sdlora.py] => Saved task checkpoint to: ./checkpoints/ImageNetR3/ckpt_task_4.pt
2026-02-14 15:40:03,483 [trainer.py] => No NME accuracy.
2026-02-14 15:40:03,483 [trainer.py] => CNN: {'total': np.float64(82.76), '00-19': np.float64(81.06), '20-39': np.float64(79.56), '40-59': np.float64(87.39), '60-79': np.float64(80.63), '80-99': np.float64(85.79), 'old': np.float64(82.07), 'new': np.float64(85.79)}
2026-02-14 15:40:03,483 [trainer.py] => CNN top1 curve: [np.float64(89.85), np.float64(85.92), np.float64(85.38), np.float64(83.28), np.float64(82.76)]
2026-02-14 15:40:03,483 [trainer.py] => CNN top5 curve: [np.float64(97.88), np.float64(96.34), np.float64(95.55), np.float64(94.32), np.float64(93.73)]

Average Accuracy (CNN): 85.43799999999999
2026-02-14 15:40:03,483 [trainer.py] => Average Accuracy (CNN): 85.43799999999999 

task 5
2026-02-14 15:40:03,485 [trainer.py] => All params: 172042873
2026-02-14 15:40:03,486 [trainer.py] => Trainable params: 445561
2026-02-14 15:40:03,487 [sdlora.py] => Learning on 100-120
2026-02-14 15:40:04,273 [_builder.py] => Loading pretrained weights from Hugging Face hub (timm/vit_base_patch16_224.augreg2_in21k_ft_in1k)
2026-02-14 15:40:10,063 [_hub.py] => [timm/vit_base_patch16_224.augreg2_in21k_ft_in1k] Safe alternative available for 'pytorch_model.bin' (as 'model.safetensors'). Loading weights using safetensors.
save_file ./checkpoints/ImageNetR3/

  0%|          | 0/20 [00:00<?, ?it/s]
Task 5, Epoch 1/20 => Loss 1.692, Train_accy 22.27, Test_accy 78.26:   0%|          | 0/20 [00:23<?, ?it/s]
Task 5, Epoch 1/20 => Loss 1.692, Train_accy 22.27, Test_accy 78.26:   5%|▌         | 1/20 [00:23<07:17, 23.02s/it]
Task 5, Epoch 2/20 => Loss 0.614, Train_accy 63.41:   5%|▌         | 1/20 [00:37<07:17, 23.02s/it]                 
Task 5, Epoch 2/20 => Loss 0.614, Train_accy 63.41:  10%|█         | 2/20 [00:37<05:23, 17.96s/it]
Task 5, Epoch 3/20 => Loss 0.492, Train_accy 67.64:  10%|█         | 2/20 [00:52<05:23, 17.96s/it]
Task 5, Epoch 3/20 => Loss 0.492, Train_accy 67.64:  15%|█▌        | 3/20 [00:52<04:40, 16.48s/it]
Task 5, Epoch 4/20 => Loss 0.445, Train_accy 68.72:  15%|█▌        | 3/20 [01:06<04:40, 16.48s/it]
Task 5, Epoch 4/20 => Loss 0.445, Train_accy 68.72:  20%|██        | 4/20 [01:06<04:11, 15.70s/it]
Task 5, Epoch 5/20 => Loss 0.442, Train_accy 68.68:  20%|██        | 4/20 [01:21<04:11, 15.70s/it]
Task 5, Epoch 5/20 => Loss 0.442, Train_accy 68.68:  25%|██▌       | 5/20 [01:21<03:48, 15.22s/it]
Task 5, Epoch 6/20 => Loss 0.415, Train_accy 68.99, Test_accy 80.64:  25%|██▌       | 5/20 [01:44<03:48, 15.22s/it]
Task 5, Epoch 6/20 => Loss 0.415, Train_accy 68.99, Test_accy 80.64:  30%|███       | 6/20 [01:44<04:09, 17.85s/it]
Task 5, Epoch 7/20 => Loss 0.387, Train_accy 69.89:  30%|███       | 6/20 [01:58<04:09, 17.85s/it]                 
Task 5, Epoch 7/20 => Loss 0.387, Train_accy 69.89:  35%|███▌      | 7/20 [01:58<03:37, 16.72s/it]
Task 5, Epoch 8/20 => Loss 0.372, Train_accy 69.46:  35%|███▌      | 7/20 [02:12<03:37, 16.72s/it]
Task 5, Epoch 8/20 => Loss 0.372, Train_accy 69.46:  40%|████      | 8/20 [02:12<03:12, 16.01s/it]
Task 5, Epoch 9/20 => Loss 0.383, Train_accy 71.71:  40%|████      | 8/20 [02:27<03:12, 16.01s/it]
Task 5, Epoch 9/20 => Loss 0.383, Train_accy 71.71:  45%|████▌     | 9/20 [02:27<02:50, 15.52s/it]
Task 5, Epoch 10/20 => Loss 0.341, Train_accy 71.87:  45%|████▌     | 9/20 [02:41<02:50, 15.52s/it]
Task 5, Epoch 10/20 => Loss 0.341, Train_accy 71.87:  50%|█████     | 10/20 [02:41<02:31, 15.16s/it]
Task 5, Epoch 11/20 => Loss 0.354, Train_accy 72.95, Test_accy 81.03:  50%|█████     | 10/20 [03:04<02:31, 15.16s/it]
Task 5, Epoch 11/20 => Loss 0.354, Train_accy 72.95, Test_accy 81.03:  55%|█████▌    | 11/20 [03:04<02:38, 17.57s/it]
Task 5, Epoch 12/20 => Loss 0.411, Train_accy 71.98:  55%|█████▌    | 11/20 [03:19<02:38, 17.57s/it]                 
Task 5, Epoch 12/20 => Loss 0.411, Train_accy 71.98:  60%|██████    | 12/20 [03:19<02:12, 16.62s/it]
Task 5, Epoch 13/20 => Loss 0.298, Train_accy 74.97:  60%|██████    | 12/20 [03:33<02:12, 16.62s/it]
Task 5, Epoch 13/20 => Loss 0.298, Train_accy 74.97:  65%|██████▌   | 13/20 [03:33<01:51, 15.97s/it]
Task 5, Epoch 14/20 => Loss 0.295, Train_accy 74.51:  65%|██████▌   | 13/20 [03:48<01:51, 15.97s/it]
Task 5, Epoch 14/20 => Loss 0.295, Train_accy 74.51:  70%|███████   | 14/20 [03:48<01:33, 15.51s/it]
Task 5, Epoch 15/20 => Loss 0.282, Train_accy 75.59:  70%|███████   | 14/20 [04:02<01:33, 15.51s/it]
Task 5, Epoch 15/20 => Loss 0.282, Train_accy 75.59:  75%|███████▌  | 15/20 [04:02<01:15, 15.18s/it]
Task 5, Epoch 16/20 => Loss 0.327, Train_accy 74.93, Test_accy 80.64:  75%|███████▌  | 15/20 [04:25<01:15, 15.18s/it]
Task 5, Epoch 16/20 => Loss 0.327, Train_accy 74.93, Test_accy 80.64:  80%|████████  | 16/20 [04:25<01:10, 17.54s/it]
Task 5, Epoch 17/20 => Loss 0.266, Train_accy 76.17:  80%|████████  | 16/20 [04:39<01:10, 17.54s/it]                 
Task 5, Epoch 17/20 => Loss 0.266, Train_accy 76.17:  85%|████████▌ | 17/20 [04:39<00:49, 16.58s/it]
Task 5, Epoch 18/20 => Loss 0.273, Train_accy 75.63:  85%|████████▌ | 17/20 [04:54<00:49, 16.58s/it]
Task 5, Epoch 18/20 => Loss 0.273, Train_accy 75.63:  90%|█████████ | 18/20 [04:54<00:31, 15.93s/it]
Task 5, Epoch 19/20 => Loss 0.255, Train_accy 78.46:  90%|█████████ | 18/20 [05:08<00:31, 15.93s/it]
Task 5, Epoch 19/20 => Loss 0.255, Train_accy 78.46:  95%|█████████▌| 19/20 [05:08<00:15, 15.50s/it]
Task 5, Epoch 20/20 => Loss 0.275, Train_accy 77.49:  95%|█████████▌| 19/20 [05:23<00:15, 15.50s/it]
Task 5, Epoch 20/20 => Loss 0.275, Train_accy 77.49: 100%|██████████| 20/20 [05:23<00:00, 15.20s/it]
Task 5, Epoch 20/20 => Loss 0.275, Train_accy 77.49: 100%|██████████| 20/20 [05:23<00:00, 16.16s/it]
2026-02-14 15:45:34,149 [sdlora.py] => Task 5, Epoch 20/20 => Loss 0.275, Train_accy 77.49
2026-02-14 15:45:34,727 [sdlora.py] => Saved task checkpoint to: ./checkpoints/ImageNetR3/ckpt_task_5.pt
2026-02-14 15:45:43,291 [trainer.py] => No NME accuracy.
2026-02-14 15:45:43,292 [trainer.py] => CNN: {'total': np.float64(80.44), '00-19': np.float64(78.64), '20-39': np.float64(78.56), '40-59': np.float64(84.19), '60-79': np.float64(79.58), '80-99': np.float64(84.32), '100-119': np.float64(78.11), 'old': np.float64(80.92), 'new': np.float64(78.11)}
2026-02-14 15:45:43,292 [trainer.py] => CNN top1 curve: [np.float64(89.85), np.float64(85.92), np.float64(85.38), np.float64(83.28), np.float64(82.76), np.float64(80.44)]
2026-02-14 15:45:43,292 [trainer.py] => CNN top5 curve: [np.float64(97.88), np.float64(96.34), np.float64(95.55), np.float64(94.32), np.float64(93.73), np.float64(92.99)]

Average Accuracy (CNN): 84.60499999999999
2026-02-14 15:45:43,292 [trainer.py] => Average Accuracy (CNN): 84.60499999999999 

task 6
2026-02-14 15:45:43,294 [trainer.py] => All params: 172058253
2026-02-14 15:45:43,295 [trainer.py] => Trainable params: 460941
2026-02-14 15:45:43,296 [sdlora.py] => Learning on 120-140
2026-02-14 15:45:44,194 [_builder.py] => Loading pretrained weights from Hugging Face hub (timm/vit_base_patch16_224.augreg2_in21k_ft_in1k)
2026-02-14 15:45:50,055 [_hub.py] => [timm/vit_base_patch16_224.augreg2_in21k_ft_in1k] Safe alternative available for 'pytorch_model.bin' (as 'model.safetensors'). Loading weights using safetensors.
save_file ./checkpoints/ImageNetR3/

  0%|          | 0/20 [00:00<?, ?it/s]
Task 6, Epoch 1/20 => Loss 1.747, Train_accy 23.28, Test_accy 77.45:   0%|          | 0/20 [00:26<?, ?it/s]
Task 6, Epoch 1/20 => Loss 1.747, Train_accy 23.28, Test_accy 77.45:   5%|▌         | 1/20 [00:26<08:16, 26.12s/it]
Task 6, Epoch 2/20 => Loss 0.605, Train_accy 62.08:   5%|▌         | 1/20 [00:41<08:16, 26.12s/it]                 
Task 6, Epoch 2/20 => Loss 0.605, Train_accy 62.08:  10%|█         | 2/20 [00:41<05:58, 19.89s/it]
Task 6, Epoch 3/20 => Loss 0.488, Train_accy 67.24:  10%|█         | 2/20 [00:57<05:58, 19.89s/it]
Task 6, Epoch 3/20 => Loss 0.488, Train_accy 67.24:  15%|█▌        | 3/20 [00:57<05:03, 17.87s/it]
Task 6, Epoch 4/20 => Loss 0.454, Train_accy 69.36:  15%|█▌        | 3/20 [01:12<05:03, 17.87s/it]
Task 6, Epoch 4/20 => Loss 0.454, Train_accy 69.36:  20%|██        | 4/20 [01:12<04:31, 16.97s/it]
Task 6, Epoch 5/20 => Loss 0.392, Train_accy 69.44:  20%|██        | 4/20 [01:28<04:31, 16.97s/it]
Task 6, Epoch 5/20 => Loss 0.392, Train_accy 69.44:  25%|██▌       | 5/20 [01:28<04:06, 16.46s/it]
Task 6, Epoch 6/20 => Loss 0.368, Train_accy 70.67, Test_accy 80.01:  25%|██▌       | 5/20 [01:54<04:06, 16.46s/it]
Task 6, Epoch 6/20 => Loss 0.368, Train_accy 70.67, Test_accy 80.01:  30%|███       | 6/20 [01:54<04:37, 19.82s/it]
Task 6, Epoch 7/20 => Loss 0.356, Train_accy 71.33:  30%|███       | 6/20 [02:10<04:37, 19.82s/it]                 
Task 6, Epoch 7/20 => Loss 0.356, Train_accy 71.33:  35%|███▌      | 7/20 [02:10<03:59, 18.39s/it]
Task 6, Epoch 8/20 => Loss 0.350, Train_accy 71.29:  35%|███▌      | 7/20 [02:25<03:59, 18.39s/it]
Task 6, Epoch 8/20 => Loss 0.350, Train_accy 71.29:  40%|████      | 8/20 [02:25<03:29, 17.45s/it]
Task 6, Epoch 9/20 => Loss 0.336, Train_accy 72.95:  40%|████      | 8/20 [02:41<03:29, 17.45s/it]
Task 6, Epoch 9/20 => Loss 0.336, Train_accy 72.95:  45%|████▌     | 9/20 [02:41<03:05, 16.87s/it]
Task 6, Epoch 10/20 => Loss 0.296, Train_accy 72.95:  45%|████▌     | 9/20 [02:56<03:05, 16.87s/it]
Task 6, Epoch 10/20 => Loss 0.296, Train_accy 72.95:  50%|█████     | 10/20 [02:56<02:44, 16.47s/it]
Task 6, Epoch 11/20 => Loss 0.332, Train_accy 72.83, Test_accy 80.04:  50%|█████     | 10/20 [03:22<02:44, 16.47s/it]
Task 6, Epoch 11/20 => Loss 0.332, Train_accy 72.83, Test_accy 80.04:  55%|█████▌    | 11/20 [03:22<02:55, 19.46s/it]
Task 6, Epoch 12/20 => Loss 0.307, Train_accy 74.30:  55%|█████▌    | 11/20 [03:38<02:55, 19.46s/it]                 
Task 6, Epoch 12/20 => Loss 0.307, Train_accy 74.30:  60%|██████    | 12/20 [03:38<02:26, 18.29s/it]
Task 6, Epoch 13/20 => Loss 0.302, Train_accy 74.72:  60%|██████    | 12/20 [03:54<02:26, 18.29s/it]
Task 6, Epoch 13/20 => Loss 0.302, Train_accy 74.72:  65%|██████▌   | 13/20 [03:54<02:02, 17.53s/it]
Task 6, Epoch 14/20 => Loss 0.271, Train_accy 76.18:  65%|██████▌   | 13/20 [04:09<02:02, 17.53s/it]
Task 6, Epoch 14/20 => Loss 0.271, Train_accy 76.18:  70%|███████   | 14/20 [04:09<01:41, 16.91s/it]
Task 6, Epoch 15/20 => Loss 0.303, Train_accy 74.34:  70%|███████   | 14/20 [04:25<01:41, 16.91s/it]
Task 6, Epoch 15/20 => Loss 0.303, Train_accy 74.34:  75%|███████▌  | 15/20 [04:25<01:22, 16.49s/it]
Task 6, Epoch 16/20 => Loss 0.313, Train_accy 75.41, Test_accy 80.30:  75%|███████▌  | 15/20 [04:51<01:22, 16.49s/it]
Task 6, Epoch 16/20 => Loss 0.313, Train_accy 75.41, Test_accy 80.30:  80%|████████  | 16/20 [04:51<01:17, 19.41s/it]
Task 6, Epoch 17/20 => Loss 0.255, Train_accy 76.57:  80%|████████  | 16/20 [05:06<01:17, 19.41s/it]                 
Task 6, Epoch 17/20 => Loss 0.255, Train_accy 76.57:  85%|████████▌ | 17/20 [05:06<00:54, 18.19s/it]
Task 6, Epoch 18/20 => Loss 0.286, Train_accy 75.95:  85%|████████▌ | 17/20 [05:22<00:54, 18.19s/it]
Task 6, Epoch 18/20 => Loss 0.286, Train_accy 75.95:  90%|█████████ | 18/20 [05:22<00:34, 17.40s/it]
Task 6, Epoch 19/20 => Loss 0.257, Train_accy 76.45:  90%|█████████ | 18/20 [05:37<00:34, 17.40s/it]
Task 6, Epoch 19/20 => Loss 0.257, Train_accy 76.45:  95%|█████████▌| 19/20 [05:37<00:16, 16.81s/it]
Task 6, Epoch 20/20 => Loss 0.276, Train_accy 77.23:  95%|█████████▌| 19/20 [05:53<00:16, 16.81s/it]
Task 6, Epoch 20/20 => Loss 0.276, Train_accy 77.23: 100%|██████████| 20/20 [05:53<00:00, 16.40s/it]
Task 6, Epoch 20/20 => Loss 0.276, Train_accy 77.23: 100%|██████████| 20/20 [05:53<00:00, 17.66s/it]
2026-02-14 15:51:44,018 [sdlora.py] => Task 6, Epoch 20/20 => Loss 0.276, Train_accy 77.23
2026-02-14 15:51:44,602 [sdlora.py] => Saved task checkpoint to: ./checkpoints/ImageNetR3/ckpt_task_6.pt
2026-02-14 15:51:55,290 [trainer.py] => No NME accuracy.
2026-02-14 15:51:55,290 [trainer.py] => CNN: {'total': np.float64(80.23), '00-19': np.float64(78.79), '20-39': np.float64(77.55), '40-59': np.float64(82.06), '60-79': np.float64(79.76), '80-99': np.float64(84.13), '100-119': np.float64(78.11), '120-139': np.float64(81.64), 'old': np.float64(79.96), 'new': np.float64(81.64)}
2026-02-14 15:51:55,290 [trainer.py] => CNN top1 curve: [np.float64(89.85), np.float64(85.92), np.float64(85.38), np.float64(83.28), np.float64(82.76), np.float64(80.44), np.float64(80.23)]
2026-02-14 15:51:55,290 [trainer.py] => CNN top5 curve: [np.float64(97.88), np.float64(96.34), np.float64(95.55), np.float64(94.32), np.float64(93.73), np.float64(92.99), np.float64(92.75)]

Average Accuracy (CNN): 83.97999999999999
2026-02-14 15:51:55,290 [trainer.py] => Average Accuracy (CNN): 83.97999999999999 

task 7
2026-02-14 15:51:55,292 [trainer.py] => All params: 172073633
2026-02-14 15:51:55,294 [trainer.py] => Trainable params: 476321
2026-02-14 15:51:55,295 [sdlora.py] => Learning on 140-160
2026-02-14 15:51:56,042 [_builder.py] => Loading pretrained weights from Hugging Face hub (timm/vit_base_patch16_224.augreg2_in21k_ft_in1k)
2026-02-14 15:52:02,216 [_hub.py] => [timm/vit_base_patch16_224.augreg2_in21k_ft_in1k] Safe alternative available for 'pytorch_model.bin' (as 'model.safetensors'). Loading weights using safetensors.
save_file ./checkpoints/ImageNetR3/

  0%|          | 0/20 [00:00<?, ?it/s]
Task 7, Epoch 1/20 => Loss 1.694, Train_accy 15.71, Test_accy 76.80:   0%|          | 0/20 [00:26<?, ?it/s]
Task 7, Epoch 1/20 => Loss 1.694, Train_accy 15.71, Test_accy 76.80:   5%|▌         | 1/20 [00:26<08:26, 26.65s/it]
Task 7, Epoch 2/20 => Loss 0.459, Train_accy 62.54:   5%|▌         | 1/20 [00:40<08:26, 26.65s/it]                 
Task 7, Epoch 2/20 => Loss 0.459, Train_accy 62.54:  10%|█         | 2/20 [00:40<05:47, 19.28s/it]
Task 7, Epoch 3/20 => Loss 0.431, Train_accy 69.62:  10%|█         | 2/20 [00:54<05:47, 19.28s/it]
Task 7, Epoch 3/20 => Loss 0.431, Train_accy 69.62:  15%|█▌        | 3/20 [00:54<04:45, 16.81s/it]
Task 7, Epoch 4/20 => Loss 0.360, Train_accy 71.59:  15%|█▌        | 3/20 [01:08<04:45, 16.81s/it]
Task 7, Epoch 4/20 => Loss 0.360, Train_accy 71.59:  20%|██        | 4/20 [01:08<04:10, 15.66s/it]
Task 7, Epoch 5/20 => Loss 0.376, Train_accy 71.90:  20%|██        | 4/20 [01:22<04:10, 15.66s/it]
Task 7, Epoch 5/20 => Loss 0.376, Train_accy 71.90:  25%|██▌       | 5/20 [01:22<03:45, 15.05s/it]
Task 7, Epoch 6/20 => Loss 0.338, Train_accy 71.45, Test_accy 78.99:  25%|██▌       | 5/20 [01:48<03:45, 15.05s/it]
Task 7, Epoch 6/20 => Loss 0.338, Train_accy 71.45, Test_accy 78.99:  30%|███       | 6/20 [01:48<04:25, 18.94s/it]
Task 7, Epoch 7/20 => Loss 0.312, Train_accy 73.14:  30%|███       | 6/20 [02:03<04:25, 18.94s/it]                 
Task 7, Epoch 7/20 => Loss 0.312, Train_accy 73.14:  35%|███▌      | 7/20 [02:03<03:47, 17.46s/it]
Task 7, Epoch 8/20 => Loss 0.293, Train_accy 73.46:  35%|███▌      | 7/20 [02:17<03:47, 17.46s/it]
Task 7, Epoch 8/20 => Loss 0.293, Train_accy 73.46:  40%|████      | 8/20 [02:17<03:15, 16.33s/it]
Task 7, Epoch 9/20 => Loss 0.306, Train_accy 73.00:  40%|████      | 8/20 [02:31<03:15, 16.33s/it]
Task 7, Epoch 9/20 => Loss 0.306, Train_accy 73.00:  45%|████▌     | 9/20 [02:31<02:51, 15.56s/it]
Task 7, Epoch 10/20 => Loss 0.279, Train_accy 74.19:  45%|████▌     | 9/20 [02:45<02:51, 15.56s/it]
Task 7, Epoch 10/20 => Loss 0.279, Train_accy 74.19:  50%|█████     | 10/20 [02:45<02:30, 15.09s/it]
Task 7, Epoch 11/20 => Loss 0.283, Train_accy 75.29, Test_accy 79.29:  50%|█████     | 10/20 [03:11<02:30, 15.09s/it]
Task 7, Epoch 11/20 => Loss 0.283, Train_accy 75.29, Test_accy 79.29:  55%|█████▌    | 11/20 [03:11<02:47, 18.59s/it]
Task 7, Epoch 12/20 => Loss 0.268, Train_accy 75.06:  55%|█████▌    | 11/20 [03:25<02:47, 18.59s/it]                 
Task 7, Epoch 12/20 => Loss 0.268, Train_accy 75.06:  60%|██████    | 12/20 [03:25<02:17, 17.16s/it]
Task 7, Epoch 13/20 => Loss 0.231, Train_accy 76.43:  60%|██████    | 12/20 [03:39<02:17, 17.16s/it]
Task 7, Epoch 13/20 => Loss 0.231, Train_accy 76.43:  65%|██████▌   | 13/20 [03:39<01:53, 16.20s/it]
Task 7, Epoch 14/20 => Loss 0.268, Train_accy 75.56:  65%|██████▌   | 13/20 [03:53<01:53, 16.20s/it]
Task 7, Epoch 14/20 => Loss 0.268, Train_accy 75.56:  70%|███████   | 14/20 [03:53<01:33, 15.53s/it]
Task 7, Epoch 15/20 => Loss 0.252, Train_accy 77.11:  70%|███████   | 14/20 [04:07<01:33, 15.53s/it]
Task 7, Epoch 15/20 => Loss 0.252, Train_accy 77.11:  75%|███████▌  | 15/20 [04:07<01:15, 15.04s/it]
Task 7, Epoch 16/20 => Loss 0.268, Train_accy 75.93, Test_accy 79.06:  75%|███████▌  | 15/20 [04:34<01:15, 15.04s/it]
Task 7, Epoch 16/20 => Loss 0.268, Train_accy 75.93, Test_accy 79.06:  80%|████████  | 16/20 [04:34<01:14, 18.51s/it]
Task 7, Epoch 17/20 => Loss 0.210, Train_accy 76.52:  80%|████████  | 16/20 [04:48<01:14, 18.51s/it]                 
Task 7, Epoch 17/20 => Loss 0.210, Train_accy 76.52:  85%|████████▌ | 17/20 [04:48<00:51, 17.14s/it]
Task 7, Epoch 18/20 => Loss 0.252, Train_accy 77.07:  85%|████████▌ | 17/20 [05:02<00:51, 17.14s/it]
Task 7, Epoch 18/20 => Loss 0.252, Train_accy 77.07:  90%|█████████ | 18/20 [05:02<00:32, 16.21s/it]
Task 7, Epoch 19/20 => Loss 0.229, Train_accy 77.71:  90%|█████████ | 18/20 [05:15<00:32, 16.21s/it]
Task 7, Epoch 19/20 => Loss 0.229, Train_accy 77.71:  95%|█████████▌| 19/20 [05:15<00:15, 15.51s/it]
Task 7, Epoch 20/20 => Loss 0.244, Train_accy 76.15:  95%|█████████▌| 19/20 [05:29<00:15, 15.51s/it]
Task 7, Epoch 20/20 => Loss 0.244, Train_accy 76.15: 100%|██████████| 20/20 [05:29<00:00, 15.03s/it]
Task 7, Epoch 20/20 => Loss 0.244, Train_accy 76.15: 100%|██████████| 20/20 [05:29<00:00, 16.49s/it]
2026-02-14 15:57:32,497 [sdlora.py] => Task 7, Epoch 20/20 => Loss 0.244, Train_accy 76.15
2026-02-14 15:57:33,145 [sdlora.py] => Saved task checkpoint to: ./checkpoints/ImageNetR3/ckpt_task_7.pt
2026-02-14 15:57:45,773 [trainer.py] => No NME accuracy.
2026-02-14 15:57:45,773 [trainer.py] => CNN: {'total': np.float64(78.99), '00-19': np.float64(77.42), '20-39': np.float64(75.71), '40-59': np.float64(81.35), '60-79': np.float64(78.01), '80-99': np.float64(82.1), '100-119': np.float64(77.28), '120-139': np.float64(79.85), '140-159': np.float64(80.72), 'old': np.float64(78.75), 'new': np.float64(80.72)}
2026-02-14 15:57:45,773 [trainer.py] => CNN top1 curve: [np.float64(89.85), np.float64(85.92), np.float64(85.38), np.float64(83.28), np.float64(82.76), np.float64(80.44), np.float64(80.23), np.float64(78.99)]
2026-02-14 15:57:45,773 [trainer.py] => CNN top5 curve: [np.float64(97.88), np.float64(96.34), np.float64(95.55), np.float64(94.32), np.float64(93.73), np.float64(92.99), np.float64(92.75), np.float64(92.28)]

Average Accuracy (CNN): 83.35624999999999
2026-02-14 15:57:45,774 [trainer.py] => Average Accuracy (CNN): 83.35624999999999 

task 8
2026-02-14 15:57:45,775 [trainer.py] => All params: 172089013
2026-02-14 15:57:45,776 [trainer.py] => Trainable params: 491701
2026-02-14 15:57:45,777 [sdlora.py] => Learning on 160-180
2026-02-14 15:57:46,521 [_builder.py] => Loading pretrained weights from Hugging Face hub (timm/vit_base_patch16_224.augreg2_in21k_ft_in1k)
2026-02-14 15:57:50,126 [_hub.py] => [timm/vit_base_patch16_224.augreg2_in21k_ft_in1k] Safe alternative available for 'pytorch_model.bin' (as 'model.safetensors'). Loading weights using safetensors.
save_file ./checkpoints/ImageNetR3/

  0%|          | 0/20 [00:00<?, ?it/s]
Task 8, Epoch 1/20 => Loss 1.790, Train_accy 21.66, Test_accy 77.69:   0%|          | 0/20 [00:30<?, ?it/s]
Task 8, Epoch 1/20 => Loss 1.790, Train_accy 21.66, Test_accy 77.69:   5%|▌         | 1/20 [00:30<09:39, 30.49s/it]
Task 8, Epoch 2/20 => Loss 0.573, Train_accy 61.93:   5%|▌         | 1/20 [00:46<09:39, 30.49s/it]                 
Task 8, Epoch 2/20 => Loss 0.573, Train_accy 61.93:  10%|█         | 2/20 [00:46<06:31, 21.76s/it]
Task 8, Epoch 3/20 => Loss 0.484, Train_accy 66.77:  10%|█         | 2/20 [01:01<06:31, 21.76s/it]
Task 8, Epoch 3/20 => Loss 0.484, Train_accy 66.77:  15%|█▌        | 3/20 [01:01<05:23, 19.01s/it]
Task 8, Epoch 4/20 => Loss 0.381, Train_accy 68.93:  15%|█▌        | 3/20 [01:17<05:23, 19.01s/it]
Task 8, Epoch 4/20 => Loss 0.381, Train_accy 68.93:  20%|██        | 4/20 [01:17<04:44, 17.77s/it]
Task 8, Epoch 5/20 => Loss 0.394, Train_accy 68.93:  20%|██        | 4/20 [01:33<04:44, 17.77s/it]
Task 8, Epoch 5/20 => Loss 0.394, Train_accy 68.93:  25%|██▌       | 5/20 [01:33<04:16, 17.10s/it]
Task 8, Epoch 6/20 => Loss 0.349, Train_accy 69.39, Test_accy 78.93:  25%|██▌       | 5/20 [02:04<04:16, 17.10s/it]
Task 8, Epoch 6/20 => Loss 0.349, Train_accy 69.39, Test_accy 78.93:  30%|███       | 6/20 [02:04<05:03, 21.68s/it]
Task 8, Epoch 7/20 => Loss 0.324, Train_accy 69.90:  30%|███       | 6/20 [02:20<05:03, 21.68s/it]                 
Task 8, Epoch 7/20 => Loss 0.324, Train_accy 69.90:  35%|███▌      | 7/20 [02:20<04:16, 19.75s/it]
Task 8, Epoch 8/20 => Loss 0.299, Train_accy 72.32:  35%|███▌      | 7/20 [02:35<04:16, 19.75s/it]
Task 8, Epoch 8/20 => Loss 0.299, Train_accy 72.32:  40%|████      | 8/20 [02:35<03:41, 18.45s/it]
Task 8, Epoch 9/20 => Loss 0.277, Train_accy 72.57:  40%|████      | 8/20 [02:51<03:41, 18.45s/it]
Task 8, Epoch 9/20 => Loss 0.277, Train_accy 72.57:  45%|████▌     | 9/20 [02:51<03:14, 17.71s/it]
Task 8, Epoch 10/20 => Loss 0.270, Train_accy 72.02:  45%|████▌     | 9/20 [03:07<03:14, 17.71s/it]
Task 8, Epoch 10/20 => Loss 0.270, Train_accy 72.02:  50%|█████     | 10/20 [03:07<02:50, 17.09s/it]
Task 8, Epoch 11/20 => Loss 0.252, Train_accy 72.36, Test_accy 78.69:  50%|█████     | 10/20 [03:38<02:50, 17.09s/it]
Task 8, Epoch 11/20 => Loss 0.252, Train_accy 72.36, Test_accy 78.69:  55%|█████▌    | 11/20 [03:38<03:11, 21.25s/it]
Task 8, Epoch 12/20 => Loss 0.276, Train_accy 73.68:  55%|█████▌    | 11/20 [03:54<03:11, 21.25s/it]                 
Task 8, Epoch 12/20 => Loss 0.276, Train_accy 73.68:  60%|██████    | 12/20 [03:54<02:37, 19.67s/it]
Task 8, Epoch 13/20 => Loss 0.238, Train_accy 73.72:  60%|██████    | 12/20 [04:09<02:37, 19.67s/it]
Task 8, Epoch 13/20 => Loss 0.238, Train_accy 73.72:  65%|██████▌   | 13/20 [04:09<02:09, 18.44s/it]
Task 8, Epoch 14/20 => Loss 0.232, Train_accy 74.78:  65%|██████▌   | 13/20 [04:25<02:09, 18.44s/it]
Task 8, Epoch 14/20 => Loss 0.232, Train_accy 74.78:  70%|███████   | 14/20 [04:25<01:45, 17.63s/it]
Task 8, Epoch 15/20 => Loss 0.234, Train_accy 76.43:  70%|███████   | 14/20 [04:41<01:45, 17.63s/it]
Task 8, Epoch 15/20 => Loss 0.234, Train_accy 76.43:  75%|███████▌  | 15/20 [04:41<01:25, 17.07s/it]
Task 8, Epoch 16/20 => Loss 0.257, Train_accy 74.23, Test_accy 78.76:  75%|███████▌  | 15/20 [05:12<01:25, 17.07s/it]
Task 8, Epoch 16/20 => Loss 0.257, Train_accy 74.23, Test_accy 78.76:  80%|████████  | 16/20 [05:12<01:24, 21.20s/it]
Task 8, Epoch 17/20 => Loss 0.257, Train_accy 74.69:  80%|████████  | 16/20 [05:27<01:24, 21.20s/it]                 
Task 8, Epoch 17/20 => Loss 0.257, Train_accy 74.69:  85%|████████▌ | 17/20 [05:27<00:58, 19.58s/it]
Task 8, Epoch 18/20 => Loss 0.228, Train_accy 75.58:  85%|████████▌ | 17/20 [05:43<00:58, 19.58s/it]
Task 8, Epoch 18/20 => Loss 0.228, Train_accy 75.58:  90%|█████████ | 18/20 [05:43<00:36, 18.42s/it]
Task 8, Epoch 19/20 => Loss 0.240, Train_accy 75.41:  90%|█████████ | 18/20 [05:59<00:36, 18.42s/it]
Task 8, Epoch 19/20 => Loss 0.240, Train_accy 75.41:  95%|█████████▌| 19/20 [05:59<00:17, 17.66s/it]
Task 8, Epoch 20/20 => Loss 0.235, Train_accy 77.07:  95%|█████████▌| 19/20 [06:15<00:17, 17.66s/it]
Task 8, Epoch 20/20 => Loss 0.235, Train_accy 77.07: 100%|██████████| 20/20 [06:15<00:00, 17.09s/it]
Task 8, Epoch 20/20 => Loss 0.235, Train_accy 77.07: 100%|██████████| 20/20 [06:15<00:00, 18.76s/it]
2026-02-14 16:04:07,125 [sdlora.py] => Task 8, Epoch 20/20 => Loss 0.235, Train_accy 77.07
2026-02-14 16:04:07,714 [sdlora.py] => Saved task checkpoint to: ./checkpoints/ImageNetR3/ckpt_task_8.pt
2026-02-14 16:04:22,480 [trainer.py] => No NME accuracy.
2026-02-14 16:04:22,481 [trainer.py] => CNN: {'total': np.float64(78.73), '00-19': np.float64(76.52), '20-39': np.float64(75.04), '40-59': np.float64(80.46), '60-79': np.float64(78.01), '80-99': np.float64(81.55), '100-119': np.float64(76.45), '120-139': np.float64(79.25), '140-159': np.float64(82.25), '160-179': np.float64(79.6), 'old': np.float64(78.62), 'new': np.float64(79.6)}
2026-02-14 16:04:22,481 [trainer.py] => CNN top1 curve: [np.float64(89.85), np.float64(85.92), np.float64(85.38), np.float64(83.28), np.float64(82.76), np.float64(80.44), np.float64(80.23), np.float64(78.99), np.float64(78.73)]
2026-02-14 16:04:22,481 [trainer.py] => CNN top5 curve: [np.float64(97.88), np.float64(96.34), np.float64(95.55), np.float64(94.32), np.float64(93.73), np.float64(92.99), np.float64(92.75), np.float64(92.28), np.float64(91.86)]

Average Accuracy (CNN): 82.84222222222222
2026-02-14 16:04:22,481 [trainer.py] => Average Accuracy (CNN): 82.84222222222222 

task 9
2026-02-14 16:04:22,483 [trainer.py] => All params: 172104393
2026-02-14 16:04:22,483 [trainer.py] => Trainable params: 507081
2026-02-14 16:04:22,485 [sdlora.py] => Learning on 180-200
2026-02-14 16:04:23,311 [_builder.py] => Loading pretrained weights from Hugging Face hub (timm/vit_base_patch16_224.augreg2_in21k_ft_in1k)
2026-02-14 16:04:29,302 [_hub.py] => [timm/vit_base_patch16_224.augreg2_in21k_ft_in1k] Safe alternative available for 'pytorch_model.bin' (as 'model.safetensors'). Loading weights using safetensors.
save_file ./checkpoints/ImageNetR3/

  0%|          | 0/20 [00:00<?, ?it/s]
Task 9, Epoch 1/20 => Loss 1.564, Train_accy 22.18, Test_accy 76.90:   0%|          | 0/20 [00:35<?, ?it/s]
Task 9, Epoch 1/20 => Loss 1.564, Train_accy 22.18, Test_accy 76.90:   5%|▌         | 1/20 [00:35<11:17, 35.65s/it]
Task 9, Epoch 2/20 => Loss 0.539, Train_accy 60.87:   5%|▌         | 1/20 [00:54<11:17, 35.65s/it]                 
Task 9, Epoch 2/20 => Loss 0.539, Train_accy 60.87:  10%|█         | 2/20 [00:54<07:40, 25.61s/it]
Task 9, Epoch 3/20 => Loss 0.488, Train_accy 65.50:  10%|█         | 2/20 [01:12<07:40, 25.61s/it]
Task 9, Epoch 3/20 => Loss 0.488, Train_accy 65.50:  15%|█▌        | 3/20 [01:12<06:21, 22.41s/it]
Task 9, Epoch 4/20 => Loss 0.401, Train_accy 67.83:  15%|█▌        | 3/20 [01:31<06:21, 22.41s/it]
Task 9, Epoch 4/20 => Loss 0.401, Train_accy 67.83:  20%|██        | 4/20 [01:31<05:34, 20.92s/it]
Task 9, Epoch 5/20 => Loss 0.394, Train_accy 66.82:  20%|██        | 4/20 [01:50<05:34, 20.92s/it]
Task 9, Epoch 5/20 => Loss 0.394, Train_accy 66.82:  25%|██▌       | 5/20 [01:50<05:01, 20.11s/it]
Task 9, Epoch 6/20 => Loss 0.373, Train_accy 67.23, Test_accy 77.80:  25%|██▌       | 5/20 [02:25<05:01, 20.11s/it]
Task 9, Epoch 6/20 => Loss 0.373, Train_accy 67.23, Test_accy 77.80:  30%|███       | 6/20 [02:25<05:55, 25.41s/it]
Task 9, Epoch 7/20 => Loss 0.340, Train_accy 69.94:  30%|███       | 6/20 [02:44<05:55, 25.41s/it]                 
Task 9, Epoch 7/20 => Loss 0.340, Train_accy 69.94:  35%|███▌      | 7/20 [02:44<05:01, 23.18s/it]
Task 9, Epoch 8/20 => Loss 0.347, Train_accy 68.66:  35%|███▌      | 7/20 [03:03<05:01, 23.18s/it]
Task 9, Epoch 8/20 => Loss 0.347, Train_accy 68.66:  40%|████      | 8/20 [03:03<04:21, 21.77s/it]
Task 9, Epoch 9/20 => Loss 0.323, Train_accy 70.21:  40%|████      | 8/20 [03:21<04:21, 21.77s/it]
Task 9, Epoch 9/20 => Loss 0.323, Train_accy 70.21:  45%|████▌     | 9/20 [03:21<03:48, 20.77s/it]
Task 9, Epoch 10/20 => Loss 0.288, Train_accy 71.00:  45%|████▌     | 9/20 [03:40<03:48, 20.77s/it]
Task 9, Epoch 10/20 => Loss 0.288, Train_accy 71.00:  50%|█████     | 10/20 [03:40<03:20, 20.07s/it]
Task 9, Epoch 11/20 => Loss 0.321, Train_accy 71.49, Test_accy 78.07:  50%|█████     | 10/20 [04:16<03:20, 20.07s/it]
Task 9, Epoch 11/20 => Loss 0.321, Train_accy 71.49, Test_accy 78.07:  55%|█████▌    | 11/20 [04:16<03:44, 24.94s/it]
Task 9, Epoch 12/20 => Loss 0.318, Train_accy 72.02:  55%|█████▌    | 11/20 [04:34<03:44, 24.94s/it]                 
Task 9, Epoch 12/20 => Loss 0.318, Train_accy 72.02:  60%|██████    | 12/20 [04:34<03:04, 23.01s/it]
Task 9, Epoch 13/20 => Loss 0.317, Train_accy 72.77:  60%|██████    | 12/20 [04:53<03:04, 23.01s/it]
Task 9, Epoch 13/20 => Loss 0.317, Train_accy 72.77:  65%|██████▌   | 13/20 [04:53<02:31, 21.68s/it]
Task 9, Epoch 14/20 => Loss 0.305, Train_accy 72.73:  65%|██████▌   | 13/20 [05:12<02:31, 21.68s/it]
Task 9, Epoch 14/20 => Loss 0.305, Train_accy 72.73:  70%|███████   | 14/20 [05:12<02:04, 20.74s/it]
Task 9, Epoch 15/20 => Loss 0.296, Train_accy 72.17:  70%|███████   | 14/20 [05:30<02:04, 20.74s/it]
Task 9, Epoch 15/20 => Loss 0.296, Train_accy 72.17:  75%|███████▌  | 15/20 [05:30<01:40, 20.06s/it]
Task 9, Epoch 16/20 => Loss 0.286, Train_accy 73.45, Test_accy 77.97:  75%|███████▌  | 15/20 [06:06<01:40, 20.06s/it]
Task 9, Epoch 16/20 => Loss 0.286, Train_accy 73.45, Test_accy 77.97:  80%|████████  | 16/20 [06:06<01:39, 24.83s/it]
Task 9, Epoch 17/20 => Loss 0.265, Train_accy 74.24:  80%|████████  | 16/20 [06:25<01:39, 24.83s/it]                 
Task 9, Epoch 17/20 => Loss 0.265, Train_accy 74.24:  85%|████████▌ | 17/20 [06:25<01:09, 23.00s/it]
Task 9, Epoch 18/20 => Loss 0.296, Train_accy 72.20:  85%|████████▌ | 17/20 [06:43<01:09, 23.00s/it]
Task 9, Epoch 18/20 => Loss 0.296, Train_accy 72.20:  90%|█████████ | 18/20 [06:43<00:43, 21.69s/it]
Task 9, Epoch 19/20 => Loss 0.268, Train_accy 74.12:  90%|█████████ | 18/20 [07:02<00:43, 21.69s/it]
Task 9, Epoch 19/20 => Loss 0.268, Train_accy 74.12:  95%|█████████▌| 19/20 [07:02<00:20, 20.73s/it]
Task 9, Epoch 20/20 => Loss 0.288, Train_accy 73.41:  95%|█████████▌| 19/20 [07:21<00:20, 20.73s/it]
Task 9, Epoch 20/20 => Loss 0.288, Train_accy 73.41: 100%|██████████| 20/20 [07:21<00:00, 20.13s/it]
Task 9, Epoch 20/20 => Loss 0.288, Train_accy 73.41: 100%|██████████| 20/20 [07:21<00:00, 22.05s/it]
2026-02-14 16:11:50,954 [sdlora.py] => Task 9, Epoch 20/20 => Loss 0.288, Train_accy 73.41
2026-02-14 16:11:51,521 [sdlora.py] => Saved task checkpoint to: ./checkpoints/ImageNetR3/ckpt_task_9.pt
2026-02-14 16:12:08,761 [trainer.py] => No NME accuracy.
2026-02-14 16:12:08,761 [trainer.py] => CNN: {'total': np.float64(77.95), '00-19': np.float64(73.94), '20-39': np.float64(75.54), '40-59': np.float64(78.69), '60-79': np.float64(76.79), '80-99': np.float64(81.0), '100-119': np.float64(75.46), '120-139': np.float64(78.06), '140-159': np.float64(80.72), '160-179': np.float64(79.77), '180-199': np.float64(80.26), 'old': np.float64(77.69), 'new': np.float64(80.26)}
2026-02-14 16:12:08,761 [trainer.py] => CNN top1 curve: [np.float64(89.85), np.float64(85.92), np.float64(85.38), np.float64(83.28), np.float64(82.76), np.float64(80.44), np.float64(80.23), np.float64(78.99), np.float64(78.73), np.float64(77.95)]
2026-02-14 16:12:08,761 [trainer.py] => CNN top5 curve: [np.float64(97.88), np.float64(96.34), np.float64(95.55), np.float64(94.32), np.float64(93.73), np.float64(92.99), np.float64(92.75), np.float64(92.28), np.float64(91.86), np.float64(91.57)]

Average Accuracy (CNN): 82.353
2026-02-14 16:12:08,761 [trainer.py] => Average Accuracy (CNN): 82.353 

Accuracy Matrix (CNN):
[[89.85 87.27 84.24 82.88 81.06 78.64 78.79 77.42 76.52 73.94]
 [ 0.   84.42 83.75 82.08 79.56 78.11 78.11 77.28 76.45 75.46]
 [ 0.    0.   88.45 88.63 87.39 78.56 81.64 79.85 79.25 78.06]
 [ 0.    0.    0.   79.76 80.63 84.19 77.55 80.72 82.25 80.72]
 [ 0.    0.    0.    0.   85.79 79.58 82.06 75.71 79.6  79.77]
 [ 0.    0.    0.    0.    0.   84.32 79.76 81.35 75.04 80.26]
 [ 0.    0.    0.    0.    0.    0.   84.13 78.01 80.46 75.54]
 [ 0.    0.    0.    0.    0.    0.    0.   82.1  78.01 78.69]
 [ 0.    0.    0.    0.    0.    0.    0.    0.   81.55 76.79]
 [ 0.    0.    0.    0.    0.    0.    0.    0.    0.   81.  ]]
2026-02-14 16:12:08,762 [trainer.py] => Forgetting (CNN): 7.305555555555553seed [1996, 1997, 1998]
seed [1997, 1998]
devices_type ['0']
2026-02-14 17:23:42,577 [trainer.py] => config: ./exps/sdlora_inr.json
2026-02-14 17:23:42,577 [trainer.py] => seed: 1997
2026-02-14 17:23:42,577 [trainer.py] => prefix: reproduce
2026-02-14 17:23:42,577 [trainer.py] => dataset: imagenetr
2026-02-14 17:23:42,577 [trainer.py] => memory_size: 0
2026-02-14 17:23:42,577 [trainer.py] => memory_per_class: 0
2026-02-14 17:23:42,577 [trainer.py] => fixed_memory: False
2026-02-14 17:23:42,577 [trainer.py] => shuffle: True
2026-02-14 17:23:42,580 [trainer.py] => init_cls: 20
2026-02-14 17:23:42,580 [trainer.py] => increment: 20
2026-02-14 17:23:42,580 [trainer.py] => model_name: sdlora
2026-02-14 17:23:42,580 [trainer.py] => backbone_type: vit_base_patch16_224
2026-02-14 17:23:42,580 [trainer.py] => device: [device(type='cuda', index=0)]
2026-02-14 17:23:42,580 [trainer.py] => optimizer: adam
2026-02-14 17:23:42,580 [trainer.py] => scheduler: constant
2026-02-14 17:23:42,580 [trainer.py] => filepath: ./checkpoints/ImageNetR3/
2026-02-14 17:23:42,580 [trainer.py] => init_epoch: 20
2026-02-14 17:23:42,580 [trainer.py] => init_lr: 0.01
2026-02-14 17:23:42,580 [trainer.py] => init_milestones: [10000]
2026-02-14 17:23:42,580 [trainer.py] => init_lr_decay: 0
2026-02-14 17:23:42,580 [trainer.py] => init_weight_decay: 0.0005
2026-02-14 17:23:42,580 [trainer.py] => epochs: 20
2026-02-14 17:23:42,580 [trainer.py] => lrate: 0.01
2026-02-14 17:23:42,580 [trainer.py] => milestones: [10000]
2026-02-14 17:23:42,580 [trainer.py] => lrate_decay: 0
2026-02-14 17:23:42,580 [trainer.py] => batch_size: 128
2026-02-14 17:23:42,580 [trainer.py] => weight_decay: 0.0002
2026-02-14 17:23:42,633 [data_manager.py] => [76, 153, 53, 4, 197, 152, 176, 43, 64, 112, 69, 131, 56, 42, 38, 107, 150, 135, 97, 102, 189, 104, 99, 83, 139, 45, 75, 88, 185, 44, 158, 54, 32, 116, 121, 193, 63, 11, 111, 52, 114, 159, 31, 167, 182, 145, 132, 90, 41, 12, 109, 58, 93, 186, 151, 157, 149, 23, 84, 95, 108, 143, 147, 94, 7, 126, 35, 86, 36, 115, 71, 25, 3, 191, 24, 46, 180, 96, 101, 117, 60, 187, 138, 100, 67, 199, 195, 65, 62, 194, 156, 148, 30, 134, 68, 179, 61, 142, 34, 2, 78, 40, 168, 16, 8, 18, 181, 10, 15, 123, 172, 37, 127, 175, 50, 174, 6, 165, 154, 72, 47, 51, 87, 1, 122, 110, 27, 140, 190, 162, 26, 105, 137, 120, 92, 89, 133, 70, 106, 77, 170, 79, 184, 59, 119, 160, 198, 130, 98, 196, 124, 129, 188, 161, 171, 91, 17, 74, 20, 163, 178, 33, 141, 164, 155, 81, 9, 39, 82, 125, 192, 73, 22, 128, 5, 55, 19, 173, 21, 177, 66, 183, 85, 0, 49, 13, 28, 118, 113, 80, 136, 169, 166, 103, 146, 14, 144, 48, 57, 29]
!!!!!!! multiple_gpus [device(type='cuda', index=0)]
This is for the BaseNet initialization.
2026-02-14 17:23:44,391 [_builder.py] => Loading pretrained weights from Hugging Face hub (timm/vit_base_patch16_224.augreg2_in21k_ft_in1k)
2026-02-14 17:23:44,393 [_hub.py] => [timm/vit_base_patch16_224.augreg2_in21k_ft_in1k] Safe alternative available for 'pytorch_model.bin' (as 'model.safetensors'). Loading weights using safetensors.
save_file ./checkpoints/ImageNetR3/
Initialize task-id and curtask id
After BaseNet initialization.
task 0
2026-02-14 17:23:44,842 [trainer.py] => All params: 171965973
2026-02-14 17:23:44,843 [trainer.py] => Trainable params: 368661
2026-02-14 17:23:44,843 [sdlora.py] => Learning on 0-20
  0%|          | 0/20 [00:00<?, ?it/s]Task 0, Epoch 1/20 => Loss 2.251, Train_accy 39.35, Test_accy 78.09:   0%|          | 0/20 [00:09<?, ?it/s]Task 0, Epoch 1/20 => Loss 2.251, Train_accy 39.35, Test_accy 78.09:   5%|▌         | 1/20 [00:09<03:02,  9.62s/it]Task 0, Epoch 2/20 => Loss 0.892, Train_accy 76.11:   5%|▌         | 1/20 [00:17<03:02,  9.62s/it]                 Task 0, Epoch 2/20 => Loss 0.892, Train_accy 76.11:  10%|█         | 2/20 [00:17<02:35,  8.64s/it]Task 0, Epoch 3/20 => Loss 0.704, Train_accy 79.83:  10%|█         | 2/20 [00:25<02:35,  8.64s/it]Task 0, Epoch 3/20 => Loss 0.704, Train_accy 79.83:  15%|█▌        | 3/20 [00:25<02:21,  8.31s/it]Task 0, Epoch 4/20 => Loss 0.610, Train_accy 83.25:  15%|█▌        | 3/20 [00:33<02:21,  8.31s/it]Task 0, Epoch 4/20 => Loss 0.610, Train_accy 83.25:  20%|██        | 4/20 [00:33<02:10,  8.15s/it]Task 0, Epoch 5/20 => Loss 0.526, Train_accy 85.03:  20%|██        | 4/20 [00:41<02:10,  8.15s/it]Task 0, Epoch 5/20 => Loss 0.526, Train_accy 85.03:  25%|██▌       | 5/20 [00:41<02:01,  8.07s/it]Task 0, Epoch 6/20 => Loss 0.483, Train_accy 86.42, Test_accy 89.70:  25%|██▌       | 5/20 [00:50<02:01,  8.07s/it]Task 0, Epoch 6/20 => Loss 0.483, Train_accy 86.42, Test_accy 89.70:  30%|███       | 6/20 [00:50<02:00,  8.59s/it]Task 0, Epoch 7/20 => Loss 0.454, Train_accy 87.46:  30%|███       | 6/20 [00:58<02:00,  8.59s/it]                 Task 0, Epoch 7/20 => Loss 0.454, Train_accy 87.46:  35%|███▌      | 7/20 [00:58<01:49,  8.39s/it]Task 0, Epoch 8/20 => Loss 0.432, Train_accy 88.01:  35%|███▌      | 7/20 [01:06<01:49,  8.39s/it]Task 0, Epoch 8/20 => Loss 0.432, Train_accy 88.01:  40%|████      | 8/20 [01:06<01:39,  8.25s/it]Task 0, Epoch 9/20 => Loss 0.385, Train_accy 88.70:  40%|████      | 8/20 [01:14<01:39,  8.25s/it]Task 0, Epoch 9/20 => Loss 0.385, Train_accy 88.70:  45%|████▌     | 9/20 [01:14<01:29,  8.18s/it]Task 0, Epoch 10/20 => Loss 0.416, Train_accy 87.91:  45%|████▌     | 9/20 [01:22<01:29,  8.18s/it]Task 0, Epoch 10/20 => Loss 0.416, Train_accy 87.91:  50%|█████     | 10/20 [01:22<01:21,  8.13s/it]Task 0, Epoch 11/20 => Loss 0.299, Train_accy 91.67, Test_accy 89.70:  50%|█████     | 10/20 [01:32<01:21,  8.13s/it]Task 0, Epoch 11/20 => Loss 0.299, Train_accy 91.67, Test_accy 89.70:  55%|█████▌    | 11/20 [01:32<01:17,  8.63s/it]Task 0, Epoch 12/20 => Loss 0.317, Train_accy 90.88:  55%|█████▌    | 11/20 [01:40<01:17,  8.63s/it]                 Task 0, Epoch 12/20 => Loss 0.317, Train_accy 90.88:  60%|██████    | 12/20 [01:40<01:07,  8.47s/it]Task 0, Epoch 13/20 => Loss 0.312, Train_accy 91.18:  60%|██████    | 12/20 [01:48<01:07,  8.47s/it]Task 0, Epoch 13/20 => Loss 0.312, Train_accy 91.18:  65%|██████▌   | 13/20 [01:48<00:58,  8.39s/it]Task 0, Epoch 14/20 => Loss 0.320, Train_accy 91.38:  65%|██████▌   | 13/20 [01:57<00:58,  8.39s/it]Task 0, Epoch 14/20 => Loss 0.320, Train_accy 91.38:  70%|███████   | 14/20 [01:57<00:50,  8.36s/it]Task 0, Epoch 15/20 => Loss 0.341, Train_accy 90.78:  70%|███████   | 14/20 [02:05<00:50,  8.36s/it]Task 0, Epoch 15/20 => Loss 0.341, Train_accy 90.78:  75%|███████▌  | 15/20 [02:05<00:41,  8.25s/it]Task 0, Epoch 16/20 => Loss 0.296, Train_accy 92.07, Test_accy 91.01:  75%|███████▌  | 15/20 [02:14<00:41,  8.25s/it]Task 0, Epoch 16/20 => Loss 0.296, Train_accy 92.07, Test_accy 91.01:  80%|████████  | 16/20 [02:14<00:34,  8.67s/it]Task 0, Epoch 17/20 => Loss 0.252, Train_accy 92.62:  80%|████████  | 16/20 [02:22<00:34,  8.67s/it]                 Task 0, Epoch 17/20 => Loss 0.252, Train_accy 92.62:  85%|████████▌ | 17/20 [02:22<00:25,  8.47s/it]Task 0, Epoch 18/20 => Loss 0.292, Train_accy 92.32:  85%|████████▌ | 17/20 [02:30<00:25,  8.47s/it]Task 0, Epoch 18/20 => Loss 0.292, Train_accy 92.32:  90%|█████████ | 18/20 [02:30<00:16,  8.34s/it]Task 0, Epoch 19/20 => Loss 0.268, Train_accy 92.42:  90%|█████████ | 18/20 [02:38<00:16,  8.34s/it]Task 0, Epoch 19/20 => Loss 0.268, Train_accy 92.42:  95%|█████████▌| 19/20 [02:38<00:08,  8.22s/it]Task 0, Epoch 20/20 => Loss 0.257, Train_accy 92.77:  95%|█████████▌| 19/20 [02:46<00:08,  8.22s/it]Task 0, Epoch 20/20 => Loss 0.257, Train_accy 92.77: 100%|██████████| 20/20 [02:46<00:00,  8.17s/it]Task 0, Epoch 20/20 => Loss 0.257, Train_accy 92.77: 100%|██████████| 20/20 [02:46<00:00,  8.35s/it]
2026-02-14 17:26:31,849 [sdlora.py] => Task 0, Epoch 20/20 => Loss 0.257, Train_accy 92.77
2026-02-14 17:26:32,739 [sdlora.py] => Saved task checkpoint to: ./checkpoints/ImageNetR3/ckpt_task_0.pt
2026-02-14 17:26:34,388 [trainer.py] => No NME accuracy.
2026-02-14 17:26:34,388 [trainer.py] => CNN: {'total': np.float64(90.64), '00-19': np.float64(90.64), 'old': 0, 'new': np.float64(90.64)}
2026-02-14 17:26:34,388 [trainer.py] => CNN top1 curve: [np.float64(90.64)]
2026-02-14 17:26:34,388 [trainer.py] => CNN top5 curve: [np.float64(98.69)]

Average Accuracy (CNN): 90.64
2026-02-14 17:26:34,388 [trainer.py] => Average Accuracy (CNN): 90.64 

task 1
2026-02-14 17:26:34,390 [trainer.py] => All params: 171981353
2026-02-14 17:26:34,390 [trainer.py] => Trainable params: 384041
2026-02-14 17:26:34,391 [sdlora.py] => Learning on 20-40
2026-02-14 17:26:35,134 [_builder.py] => Loading pretrained weights from Hugging Face hub (timm/vit_base_patch16_224.augreg2_in21k_ft_in1k)
2026-02-14 17:26:35,136 [_hub.py] => [timm/vit_base_patch16_224.augreg2_in21k_ft_in1k] Safe alternative available for 'pytorch_model.bin' (as 'model.safetensors'). Loading weights using safetensors.
/root/SD-Lora-CL/backbone/lora.py:345: FutureWarning: You are using `torch.load` with `weights_only=False` (the current default value), which uses the default pickle module implicitly. It is possible to construct malicious pickle data which will execute arbitrary code during unpickling (See https://github.com/pytorch/pytorch/blob/main/SECURITY.md#untrusted-models for more details). In a future release, the default value for `weights_only` will be flipped to `True`. This limits the functions that could be executed during unpickling. Arbitrary objects will no longer be allowed to be loaded via this mode unless they are explicitly allowlisted by the user via `torch.serialization.add_safe_globals`. We recommend you start setting `weights_only=True` for any use case where you don't have full control of the loaded file. Please open an issue on GitHub for any issues related to this experimental feature.
  saved_lora_A['saved_A_'+str(i)] = torch.load(file_path)
/root/SD-Lora-CL/backbone/lora.py:347: FutureWarning: You are using `torch.load` with `weights_only=False` (the current default value), which uses the default pickle module implicitly. It is possible to construct malicious pickle data which will execute arbitrary code during unpickling (See https://github.com/pytorch/pytorch/blob/main/SECURITY.md#untrusted-models for more details). In a future release, the default value for `weights_only` will be flipped to `True`. This limits the functions that could be executed during unpickling. Arbitrary objects will no longer be allowed to be loaded via this mode unless they are explicitly allowlisted by the user via `torch.serialization.add_safe_globals`. We recommend you start setting `weights_only=True` for any use case where you don't have full control of the loaded file. Please open an issue on GitHub for any issues related to this experimental feature.
  saved_lora_B['saved_B_'+str(i)] = torch.load(file_path)
save_file ./checkpoints/ImageNetR3/
  0%|          | 0/20 [00:00<?, ?it/s]/root/SD-Lora-CL/backbone/lora.py:492: FutureWarning: You are using `torch.load` with `weights_only=False` (the current default value), which uses the default pickle module implicitly. It is possible to construct malicious pickle data which will execute arbitrary code during unpickling (See https://github.com/pytorch/pytorch/blob/main/SECURITY.md#untrusted-models for more details). In a future release, the default value for `weights_only` will be flipped to `True`. This limits the functions that could be executed during unpickling. Arbitrary objects will no longer be allowed to be loaded via this mode unless they are explicitly allowlisted by the user via `torch.serialization.add_safe_globals`. We recommend you start setting `weights_only=True` for any use case where you don't have full control of the loaded file. Please open an issue on GitHub for any issues related to this experimental feature.
  w_As = torch.load(file_path)
Task 1, Epoch 1/20 => Loss 1.680, Train_accy 33.95, Test_accy 82.31:   0%|          | 0/20 [00:12<?, ?it/s]Task 1, Epoch 1/20 => Loss 1.680, Train_accy 33.95, Test_accy 82.31:   5%|▌         | 1/20 [00:12<03:58, 12.54s/it]Task 1, Epoch 2/20 => Loss 0.627, Train_accy 74.68:   5%|▌         | 1/20 [00:22<03:58, 12.54s/it]                 Task 1, Epoch 2/20 => Loss 0.627, Train_accy 74.68:  10%|█         | 2/20 [00:22<03:18, 11.01s/it]Task 1, Epoch 3/20 => Loss 0.527, Train_accy 78.67:  10%|█         | 2/20 [00:32<03:18, 11.01s/it]Task 1, Epoch 3/20 => Loss 0.527, Train_accy 78.67:  15%|█▌        | 3/20 [00:32<02:59, 10.53s/it]Task 1, Epoch 4/20 => Loss 0.411, Train_accy 82.58:  15%|█▌        | 3/20 [00:42<02:59, 10.53s/it]Task 1, Epoch 4/20 => Loss 0.411, Train_accy 82.58:  20%|██        | 4/20 [00:42<02:44, 10.26s/it]Task 1, Epoch 5/20 => Loss 0.387, Train_accy 83.86:  20%|██        | 4/20 [00:52<02:44, 10.26s/it]Task 1, Epoch 5/20 => Loss 0.387, Train_accy 83.86:  25%|██▌       | 5/20 [00:52<02:32, 10.16s/it]Task 1, Epoch 6/20 => Loss 0.347, Train_accy 83.86, Test_accy 88.36:  25%|██▌       | 5/20 [01:04<02:32, 10.16s/it]Task 1, Epoch 6/20 => Loss 0.347, Train_accy 83.86, Test_accy 88.36:  30%|███       | 6/20 [01:04<02:33, 10.97s/it]Task 1, Epoch 7/20 => Loss 0.349, Train_accy 84.12:  30%|███       | 6/20 [01:14<02:33, 10.97s/it]                 Task 1, Epoch 7/20 => Loss 0.349, Train_accy 84.12:  35%|███▌      | 7/20 [01:14<02:17, 10.60s/it]Task 1, Epoch 8/20 => Loss 0.298, Train_accy 85.36:  35%|███▌      | 7/20 [01:24<02:17, 10.60s/it]Task 1, Epoch 8/20 => Loss 0.298, Train_accy 85.36:  40%|████      | 8/20 [01:24<02:04, 10.37s/it]Task 1, Epoch 9/20 => Loss 0.330, Train_accy 84.76:  40%|████      | 8/20 [01:34<02:04, 10.37s/it]Task 1, Epoch 9/20 => Loss 0.330, Train_accy 84.76:  45%|████▌     | 9/20 [01:34<01:52, 10.23s/it]Task 1, Epoch 10/20 => Loss 0.333, Train_accy 84.76:  45%|████▌     | 9/20 [01:44<01:52, 10.23s/it]Task 1, Epoch 10/20 => Loss 0.333, Train_accy 84.76:  50%|█████     | 10/20 [01:44<01:41, 10.12s/it]Task 1, Epoch 11/20 => Loss 0.269, Train_accy 88.24, Test_accy 88.73:  50%|█████     | 10/20 [01:56<01:41, 10.12s/it]Task 1, Epoch 11/20 => Loss 0.269, Train_accy 88.24, Test_accy 88.73:  55%|█████▌    | 11/20 [01:56<01:37, 10.88s/it]Task 1, Epoch 12/20 => Loss 0.309, Train_accy 85.84:  55%|█████▌    | 11/20 [02:06<01:37, 10.88s/it]                 Task 1, Epoch 12/20 => Loss 0.309, Train_accy 85.84:  60%|██████    | 12/20 [02:06<01:24, 10.59s/it]Task 1, Epoch 13/20 => Loss 0.273, Train_accy 86.27:  60%|██████    | 12/20 [02:16<01:24, 10.59s/it]Task 1, Epoch 13/20 => Loss 0.273, Train_accy 86.27:  65%|██████▌   | 13/20 [02:16<01:12, 10.37s/it]Task 1, Epoch 14/20 => Loss 0.291, Train_accy 87.12:  65%|██████▌   | 13/20 [02:26<01:12, 10.37s/it]Task 1, Epoch 14/20 => Loss 0.291, Train_accy 87.12:  70%|███████   | 14/20 [02:26<01:01, 10.22s/it]Task 1, Epoch 15/20 => Loss 0.303, Train_accy 86.18:  70%|███████   | 14/20 [02:36<01:01, 10.22s/it]Task 1, Epoch 15/20 => Loss 0.303, Train_accy 86.18:  75%|███████▌  | 15/20 [02:36<00:50, 10.12s/it]Task 1, Epoch 16/20 => Loss 0.283, Train_accy 87.25, Test_accy 88.54:  75%|███████▌  | 15/20 [02:48<00:50, 10.12s/it]Task 1, Epoch 16/20 => Loss 0.283, Train_accy 87.25, Test_accy 88.54:  80%|████████  | 16/20 [02:48<00:43, 10.84s/it]Task 1, Epoch 17/20 => Loss 0.231, Train_accy 87.73:  80%|████████  | 16/20 [02:58<00:43, 10.84s/it]                 Task 1, Epoch 17/20 => Loss 0.231, Train_accy 87.73:  85%|████████▌ | 17/20 [02:58<00:31, 10.56s/it]Task 1, Epoch 18/20 => Loss 0.262, Train_accy 89.27:  85%|████████▌ | 17/20 [03:08<00:31, 10.56s/it]Task 1, Epoch 18/20 => Loss 0.262, Train_accy 89.27:  90%|█████████ | 18/20 [03:08<00:20, 10.36s/it]Task 1, Epoch 19/20 => Loss 0.255, Train_accy 88.11:  90%|█████████ | 18/20 [03:18<00:20, 10.36s/it]Task 1, Epoch 19/20 => Loss 0.255, Train_accy 88.11:  95%|█████████▌| 19/20 [03:18<00:10, 10.21s/it]Task 1, Epoch 20/20 => Loss 0.224, Train_accy 89.23:  95%|█████████▌| 19/20 [03:28<00:10, 10.21s/it]Task 1, Epoch 20/20 => Loss 0.224, Train_accy 89.23: 100%|██████████| 20/20 [03:28<00:00, 10.11s/it]Task 1, Epoch 20/20 => Loss 0.224, Train_accy 89.23: 100%|██████████| 20/20 [03:28<00:00, 10.43s/it]
2026-02-14 17:30:03,821 [sdlora.py] => Task 1, Epoch 20/20 => Loss 0.224, Train_accy 89.23
/root/SD-Lora-CL/backbone/lora.py:445: FutureWarning: You are using `torch.load` with `weights_only=False` (the current default value), which uses the default pickle module implicitly. It is possible to construct malicious pickle data which will execute arbitrary code during unpickling (See https://github.com/pytorch/pytorch/blob/main/SECURITY.md#untrusted-models for more details). In a future release, the default value for `weights_only` will be flipped to `True`. This limits the functions that could be executed during unpickling. Arbitrary objects will no longer be allowed to be loaded via this mode unless they are explicitly allowlisted by the user via `torch.serialization.add_safe_globals`. We recommend you start setting `weights_only=True` for any use case where you don't have full control of the loaded file. Please open an issue on GitHub for any issues related to this experimental feature.
  scaling_param = torch.load(filename + 'scaling_factor'+str(self.task_id-2)+'.pt')
2026-02-14 17:30:04,729 [sdlora.py] => Saved task checkpoint to: ./checkpoints/ImageNetR3/ckpt_task_1.pt
2026-02-14 17:30:07,403 [trainer.py] => No NME accuracy.
2026-02-14 17:30:07,404 [trainer.py] => CNN: {'total': np.float64(89.0), '00-19': np.float64(87.08), '20-39': np.float64(90.84), 'old': np.float64(87.08), 'new': np.float64(90.84)}
2026-02-14 17:30:07,404 [trainer.py] => CNN top1 curve: [np.float64(90.64), np.float64(89.0)]
2026-02-14 17:30:07,404 [trainer.py] => CNN top5 curve: [np.float64(98.69), np.float64(96.98)]

Average Accuracy (CNN): 89.82
2026-02-14 17:30:07,404 [trainer.py] => Average Accuracy (CNN): 89.82 

task 2
2026-02-14 17:30:07,405 [trainer.py] => All params: 171996733
2026-02-14 17:30:07,406 [trainer.py] => Trainable params: 399421
2026-02-14 17:30:07,407 [sdlora.py] => Learning on 40-60
2026-02-14 17:30:08,112 [_builder.py] => Loading pretrained weights from Hugging Face hub (timm/vit_base_patch16_224.augreg2_in21k_ft_in1k)
2026-02-14 17:30:08,113 [_hub.py] => [timm/vit_base_patch16_224.augreg2_in21k_ft_in1k] Safe alternative available for 'pytorch_model.bin' (as 'model.safetensors'). Loading weights using safetensors.
save_file ./checkpoints/ImageNetR3/
  0%|          | 0/20 [00:00<?, ?it/s]Task 2, Epoch 1/20 => Loss 1.836, Train_accy 27.33, Test_accy 80.74:   0%|          | 0/20 [00:15<?, ?it/s]Task 2, Epoch 1/20 => Loss 1.836, Train_accy 27.33, Test_accy 80.74:   5%|▌         | 1/20 [00:15<05:00, 15.83s/it]Task 2, Epoch 2/20 => Loss 0.738, Train_accy 67.34:   5%|▌         | 1/20 [00:27<05:00, 15.83s/it]                 Task 2, Epoch 2/20 => Loss 0.738, Train_accy 67.34:  10%|█         | 2/20 [00:27<04:02, 13.46s/it]Task 2, Epoch 3/20 => Loss 0.573, Train_accy 72.32:  10%|█         | 2/20 [00:39<04:02, 13.46s/it]Task 2, Epoch 3/20 => Loss 0.573, Train_accy 72.32:  15%|█▌        | 3/20 [00:39<03:35, 12.70s/it]Task 2, Epoch 4/20 => Loss 0.545, Train_accy 73.25:  15%|█▌        | 3/20 [00:51<03:35, 12.70s/it]Task 2, Epoch 4/20 => Loss 0.545, Train_accy 73.25:  20%|██        | 4/20 [00:51<03:17, 12.32s/it]Task 2, Epoch 5/20 => Loss 0.473, Train_accy 76.67:  20%|██        | 4/20 [01:02<03:17, 12.32s/it]Task 2, Epoch 5/20 => Loss 0.473, Train_accy 76.67:  25%|██▌       | 5/20 [01:02<03:01, 12.13s/it]Task 2, Epoch 6/20 => Loss 0.425, Train_accy 75.93, Test_accy 85.06:  25%|██▌       | 5/20 [01:18<03:01, 12.13s/it]Task 2, Epoch 6/20 => Loss 0.425, Train_accy 75.93, Test_accy 85.06:  30%|███       | 6/20 [01:18<03:07, 13.37s/it]Task 2, Epoch 7/20 => Loss 0.426, Train_accy 76.56:  30%|███       | 6/20 [01:30<03:07, 13.37s/it]                 Task 2, Epoch 7/20 => Loss 0.426, Train_accy 76.56:  35%|███▌      | 7/20 [01:30<02:46, 12.85s/it]Task 2, Epoch 8/20 => Loss 0.421, Train_accy 78.07:  35%|███▌      | 7/20 [01:42<02:46, 12.85s/it]Task 2, Epoch 8/20 => Loss 0.421, Train_accy 78.07:  40%|████      | 8/20 [01:42<02:29, 12.49s/it]Task 2, Epoch 9/20 => Loss 0.363, Train_accy 79.59:  40%|████      | 8/20 [01:53<02:29, 12.49s/it]Task 2, Epoch 9/20 => Loss 0.363, Train_accy 79.59:  45%|████▌     | 9/20 [01:53<02:14, 12.27s/it]Task 2, Epoch 10/20 => Loss 0.351, Train_accy 79.86:  45%|████▌     | 9/20 [02:05<02:14, 12.27s/it]Task 2, Epoch 10/20 => Loss 0.351, Train_accy 79.86:  50%|█████     | 10/20 [02:05<02:00, 12.10s/it]Task 2, Epoch 11/20 => Loss 0.333, Train_accy 81.42, Test_accy 85.93:  50%|█████     | 10/20 [02:21<02:00, 12.10s/it]Task 2, Epoch 11/20 => Loss 0.333, Train_accy 81.42, Test_accy 85.93:  55%|█████▌    | 11/20 [02:21<01:58, 13.22s/it]Task 2, Epoch 12/20 => Loss 0.301, Train_accy 81.49:  55%|█████▌    | 11/20 [02:33<01:58, 13.22s/it]                 Task 2, Epoch 12/20 => Loss 0.301, Train_accy 81.49:  60%|██████    | 12/20 [02:33<01:42, 12.76s/it]Task 2, Epoch 13/20 => Loss 0.324, Train_accy 81.53:  60%|██████    | 12/20 [02:45<01:42, 12.76s/it]Task 2, Epoch 13/20 => Loss 0.324, Train_accy 81.53:  65%|██████▌   | 13/20 [02:45<01:27, 12.48s/it]Task 2, Epoch 14/20 => Loss 0.309, Train_accy 81.65:  65%|██████▌   | 13/20 [02:56<01:27, 12.48s/it]Task 2, Epoch 14/20 => Loss 0.309, Train_accy 81.65:  70%|███████   | 14/20 [02:56<01:13, 12.24s/it]Task 2, Epoch 15/20 => Loss 0.321, Train_accy 81.84:  70%|███████   | 14/20 [03:08<01:13, 12.24s/it]Task 2, Epoch 15/20 => Loss 0.321, Train_accy 81.84:  75%|███████▌  | 15/20 [03:08<01:00, 12.11s/it]Task 2, Epoch 16/20 => Loss 0.287, Train_accy 83.63, Test_accy 86.16:  75%|███████▌  | 15/20 [03:24<01:00, 12.11s/it]Task 2, Epoch 16/20 => Loss 0.287, Train_accy 83.63, Test_accy 86.16:  80%|████████  | 16/20 [03:24<00:52, 13.15s/it]Task 2, Epoch 17/20 => Loss 0.330, Train_accy 82.08:  80%|████████  | 16/20 [03:35<00:52, 13.15s/it]                 Task 2, Epoch 17/20 => Loss 0.330, Train_accy 82.08:  85%|████████▌ | 17/20 [03:35<00:38, 12.72s/it]Task 2, Epoch 18/20 => Loss 0.286, Train_accy 82.81:  85%|████████▌ | 17/20 [03:47<00:38, 12.72s/it]Task 2, Epoch 18/20 => Loss 0.286, Train_accy 82.81:  90%|█████████ | 18/20 [03:47<00:24, 12.43s/it]Task 2, Epoch 19/20 => Loss 0.257, Train_accy 83.94:  90%|█████████ | 18/20 [03:59<00:24, 12.43s/it]Task 2, Epoch 19/20 => Loss 0.257, Train_accy 83.94:  95%|█████████▌| 19/20 [03:59<00:12, 12.22s/it]Task 2, Epoch 20/20 => Loss 0.256, Train_accy 83.90:  95%|█████████▌| 19/20 [04:11<00:12, 12.22s/it]Task 2, Epoch 20/20 => Loss 0.256, Train_accy 83.90: 100%|██████████| 20/20 [04:11<00:00, 12.07s/it]Task 2, Epoch 20/20 => Loss 0.256, Train_accy 83.90: 100%|██████████| 20/20 [04:11<00:00, 12.55s/it]
2026-02-14 17:34:19,479 [sdlora.py] => Task 2, Epoch 20/20 => Loss 0.256, Train_accy 83.90
2026-02-14 17:34:20,374 [sdlora.py] => Saved task checkpoint to: ./checkpoints/ImageNetR3/ckpt_task_2.pt
2026-02-14 17:34:24,227 [trainer.py] => No NME accuracy.
2026-02-14 17:34:24,228 [trainer.py] => CNN: {'total': np.float64(85.58), '00-19': np.float64(83.52), '20-39': np.float64(88.87), '40-59': np.float64(84.41), 'old': np.float64(86.25), 'new': np.float64(84.41)}
2026-02-14 17:34:24,228 [trainer.py] => CNN top1 curve: [np.float64(90.64), np.float64(89.0), np.float64(85.58)]
2026-02-14 17:34:24,228 [trainer.py] => CNN top5 curve: [np.float64(98.69), np.float64(96.98), np.float64(95.15)]

Average Accuracy (CNN): 88.40666666666665
2026-02-14 17:34:24,228 [trainer.py] => Average Accuracy (CNN): 88.40666666666665 

task 3
2026-02-14 17:34:24,230 [trainer.py] => All params: 172012113
2026-02-14 17:34:24,231 [trainer.py] => Trainable params: 414801
2026-02-14 17:34:24,232 [sdlora.py] => Learning on 60-80
2026-02-14 17:34:24,955 [_builder.py] => Loading pretrained weights from Hugging Face hub (timm/vit_base_patch16_224.augreg2_in21k_ft_in1k)
2026-02-14 17:34:24,957 [_hub.py] => [timm/vit_base_patch16_224.augreg2_in21k_ft_in1k] Safe alternative available for 'pytorch_model.bin' (as 'model.safetensors'). Loading weights using safetensors.
save_file ./checkpoints/ImageNetR3/
  0%|          | 0/20 [00:00<?, ?it/s]Task 3, Epoch 1/20 => Loss 1.943, Train_accy 21.92, Test_accy 77.92:   0%|          | 0/20 [00:17<?, ?it/s]Task 3, Epoch 1/20 => Loss 1.943, Train_accy 21.92, Test_accy 77.92:   5%|▌         | 1/20 [00:17<05:25, 17.15s/it]Task 3, Epoch 2/20 => Loss 0.644, Train_accy 63.90:   5%|▌         | 1/20 [00:29<05:25, 17.15s/it]                 Task 3, Epoch 2/20 => Loss 0.644, Train_accy 63.90:  10%|█         | 2/20 [00:29<04:13, 14.10s/it]Task 3, Epoch 3/20 => Loss 0.573, Train_accy 69.24:  10%|█         | 2/20 [00:41<04:13, 14.10s/it]Task 3, Epoch 3/20 => Loss 0.573, Train_accy 69.24:  15%|█▌        | 3/20 [00:41<03:43, 13.13s/it]Task 3, Epoch 4/20 => Loss 0.503, Train_accy 69.57:  15%|█▌        | 3/20 [00:53<03:43, 13.13s/it]Task 3, Epoch 4/20 => Loss 0.503, Train_accy 69.57:  20%|██        | 4/20 [00:53<03:23, 12.73s/it]Task 3, Epoch 5/20 => Loss 0.406, Train_accy 72.53:  20%|██        | 4/20 [01:05<03:23, 12.73s/it]Task 3, Epoch 5/20 => Loss 0.406, Train_accy 72.53:  25%|██▌       | 5/20 [01:05<03:07, 12.48s/it]Task 3, Epoch 6/20 => Loss 0.436, Train_accy 72.33, Test_accy 82.44:  25%|██▌       | 5/20 [01:22<03:07, 12.48s/it]Task 3, Epoch 6/20 => Loss 0.436, Train_accy 72.33, Test_accy 82.44:  30%|███       | 6/20 [01:22<03:18, 14.19s/it]Task 3, Epoch 7/20 => Loss 0.385, Train_accy 73.15:  30%|███       | 6/20 [01:34<03:18, 14.19s/it]                 Task 3, Epoch 7/20 => Loss 0.385, Train_accy 73.15:  35%|███▌      | 7/20 [01:34<02:55, 13.48s/it]Task 3, Epoch 8/20 => Loss 0.403, Train_accy 72.16:  35%|███▌      | 7/20 [01:46<02:55, 13.48s/it]Task 3, Epoch 8/20 => Loss 0.403, Train_accy 72.16:  40%|████      | 8/20 [01:46<02:36, 13.02s/it]Task 3, Epoch 9/20 => Loss 0.392, Train_accy 74.88:  40%|████      | 8/20 [01:58<02:36, 13.02s/it]Task 3, Epoch 9/20 => Loss 0.392, Train_accy 74.88:  45%|████▌     | 9/20 [01:58<02:20, 12.73s/it]Task 3, Epoch 10/20 => Loss 0.360, Train_accy 74.51:  45%|████▌     | 9/20 [02:10<02:20, 12.73s/it]Task 3, Epoch 10/20 => Loss 0.360, Train_accy 74.51:  50%|█████     | 10/20 [02:10<02:04, 12.49s/it]Task 3, Epoch 11/20 => Loss 0.342, Train_accy 75.82, Test_accy 82.02:  50%|█████     | 10/20 [02:28<02:04, 12.49s/it]Task 3, Epoch 11/20 => Loss 0.342, Train_accy 75.82, Test_accy 82.02:  55%|█████▌    | 11/20 [02:28<02:05, 13.95s/it]Task 3, Epoch 12/20 => Loss 0.320, Train_accy 76.56:  55%|█████▌    | 11/20 [02:40<02:05, 13.95s/it]                 Task 3, Epoch 12/20 => Loss 0.320, Train_accy 76.56:  60%|██████    | 12/20 [02:40<01:47, 13.40s/it]Task 3, Epoch 13/20 => Loss 0.324, Train_accy 75.78:  60%|██████    | 12/20 [02:52<01:47, 13.40s/it]Task 3, Epoch 13/20 => Loss 0.324, Train_accy 75.78:  65%|██████▌   | 13/20 [02:52<01:30, 12.97s/it]Task 3, Epoch 14/20 => Loss 0.341, Train_accy 77.26:  65%|██████▌   | 13/20 [03:04<01:30, 12.97s/it]Task 3, Epoch 14/20 => Loss 0.341, Train_accy 77.26:  70%|███████   | 14/20 [03:04<01:15, 12.64s/it]Task 3, Epoch 15/20 => Loss 0.311, Train_accy 77.47:  70%|███████   | 14/20 [03:16<01:15, 12.64s/it]Task 3, Epoch 15/20 => Loss 0.311, Train_accy 77.47:  75%|███████▌  | 15/20 [03:16<01:02, 12.54s/it]Task 3, Epoch 16/20 => Loss 0.312, Train_accy 77.34, Test_accy 82.06:  75%|███████▌  | 15/20 [03:33<01:02, 12.54s/it]Task 3, Epoch 16/20 => Loss 0.312, Train_accy 77.34, Test_accy 82.06:  80%|████████  | 16/20 [03:33<00:55, 13.99s/it]Task 3, Epoch 17/20 => Loss 0.309, Train_accy 77.51:  80%|████████  | 16/20 [03:45<00:55, 13.99s/it]                 Task 3, Epoch 17/20 => Loss 0.309, Train_accy 77.51:  85%|████████▌ | 17/20 [03:45<00:40, 13.39s/it]Task 3, Epoch 18/20 => Loss 0.315, Train_accy 78.54:  85%|████████▌ | 17/20 [03:57<00:40, 13.39s/it]Task 3, Epoch 18/20 => Loss 0.315, Train_accy 78.54:  90%|█████████ | 18/20 [03:57<00:25, 12.96s/it]Task 3, Epoch 19/20 => Loss 0.257, Train_accy 80.30:  90%|█████████ | 18/20 [04:09<00:25, 12.96s/it]Task 3, Epoch 19/20 => Loss 0.257, Train_accy 80.30:  95%|█████████▌| 19/20 [04:09<00:12, 12.66s/it]Task 3, Epoch 20/20 => Loss 0.311, Train_accy 79.61:  95%|█████████▌| 19/20 [04:21<00:12, 12.66s/it]Task 3, Epoch 20/20 => Loss 0.311, Train_accy 79.61: 100%|██████████| 20/20 [04:21<00:00, 12.46s/it]Task 3, Epoch 20/20 => Loss 0.311, Train_accy 79.61: 100%|██████████| 20/20 [04:21<00:00, 13.08s/it]
2026-02-14 17:38:47,552 [sdlora.py] => Task 3, Epoch 20/20 => Loss 0.311, Train_accy 79.61
2026-02-14 17:38:48,467 [sdlora.py] => Saved task checkpoint to: ./checkpoints/ImageNetR3/ckpt_task_3.pt
2026-02-14 17:38:53,815 [trainer.py] => No NME accuracy.
2026-02-14 17:38:53,816 [trainer.py] => CNN: {'total': np.float64(82.14), '00-19': np.float64(80.71), '20-39': np.float64(86.0), '40-59': np.float64(82.32), '60-79': np.float64(79.78), 'old': np.float64(83.01), 'new': np.float64(79.78)}
2026-02-14 17:38:53,816 [trainer.py] => CNN top1 curve: [np.float64(90.64), np.float64(89.0), np.float64(85.58), np.float64(82.14)]
2026-02-14 17:38:53,816 [trainer.py] => CNN top5 curve: [np.float64(98.69), np.float64(96.98), np.float64(95.15), np.float64(94.19)]

Average Accuracy (CNN): 86.83999999999999
2026-02-14 17:38:53,816 [trainer.py] => Average Accuracy (CNN): 86.83999999999999 

task 4
2026-02-14 17:38:53,817 [trainer.py] => All params: 172027493
2026-02-14 17:38:53,818 [trainer.py] => Trainable params: 430181
2026-02-14 17:38:53,819 [sdlora.py] => Learning on 80-100
2026-02-14 17:38:54,530 [_builder.py] => Loading pretrained weights from Hugging Face hub (timm/vit_base_patch16_224.augreg2_in21k_ft_in1k)
2026-02-14 17:38:54,533 [_hub.py] => [timm/vit_base_patch16_224.augreg2_in21k_ft_in1k] Safe alternative available for 'pytorch_model.bin' (as 'model.safetensors'). Loading weights using safetensors.
save_file ./checkpoints/ImageNetR3/
  0%|          | 0/20 [00:00<?, ?it/s]Task 4, Epoch 1/20 => Loss 2.085, Train_accy 19.14, Test_accy 76.58:   0%|          | 0/20 [00:17<?, ?it/s]Task 4, Epoch 1/20 => Loss 2.085, Train_accy 19.14, Test_accy 76.58:   5%|▌         | 1/20 [00:17<05:33, 17.58s/it]Task 4, Epoch 2/20 => Loss 0.711, Train_accy 61.76:   5%|▌         | 1/20 [00:28<05:33, 17.58s/it]                 Task 4, Epoch 2/20 => Loss 0.711, Train_accy 61.76:  10%|█         | 2/20 [00:28<04:04, 13.60s/it]Task 4, Epoch 3/20 => Loss 0.569, Train_accy 69.47:  10%|█         | 2/20 [00:39<04:04, 13.60s/it]Task 4, Epoch 3/20 => Loss 0.569, Train_accy 69.47:  15%|█▌        | 3/20 [00:39<03:28, 12.28s/it]Task 4, Epoch 4/20 => Loss 0.496, Train_accy 70.86:  15%|█▌        | 3/20 [00:50<03:28, 12.28s/it]Task 4, Epoch 4/20 => Loss 0.496, Train_accy 70.86:  20%|██        | 4/20 [00:50<03:08, 11.80s/it]Task 4, Epoch 5/20 => Loss 0.458, Train_accy 69.37:  20%|██        | 4/20 [01:00<03:08, 11.80s/it]Task 4, Epoch 5/20 => Loss 0.458, Train_accy 69.37:  25%|██▌       | 5/20 [01:00<02:51, 11.43s/it]Task 4, Epoch 6/20 => Loss 0.411, Train_accy 72.10, Test_accy 80.60:  25%|██▌       | 5/20 [01:18<02:51, 11.43s/it]Task 4, Epoch 6/20 => Loss 0.411, Train_accy 72.10, Test_accy 80.60:  30%|███       | 6/20 [01:18<03:08, 13.47s/it]Task 4, Epoch 7/20 => Loss 0.432, Train_accy 71.76:  30%|███       | 6/20 [01:29<03:08, 13.47s/it]                 Task 4, Epoch 7/20 => Loss 0.432, Train_accy 71.76:  35%|███▌      | 7/20 [01:29<02:43, 12.58s/it]Task 4, Epoch 8/20 => Loss 0.410, Train_accy 71.36:  35%|███▌      | 7/20 [01:39<02:43, 12.58s/it]Task 4, Epoch 8/20 => Loss 0.410, Train_accy 71.36:  40%|████      | 8/20 [01:39<02:24, 12.01s/it]Task 4, Epoch 9/20 => Loss 0.377, Train_accy 73.60:  40%|████      | 8/20 [01:50<02:24, 12.01s/it]Task 4, Epoch 9/20 => Loss 0.377, Train_accy 73.60:  45%|████▌     | 9/20 [01:50<02:08, 11.69s/it]Task 4, Epoch 10/20 => Loss 0.405, Train_accy 74.59:  45%|████▌     | 9/20 [02:01<02:08, 11.69s/it]Task 4, Epoch 10/20 => Loss 0.405, Train_accy 74.59:  50%|█████     | 10/20 [02:01<01:54, 11.40s/it]Task 4, Epoch 11/20 => Loss 0.333, Train_accy 74.44, Test_accy 80.85:  50%|█████     | 10/20 [02:19<01:54, 11.40s/it]Task 4, Epoch 11/20 => Loss 0.333, Train_accy 74.44, Test_accy 80.85:  55%|█████▌    | 11/20 [02:19<01:59, 13.23s/it]Task 4, Epoch 12/20 => Loss 0.357, Train_accy 73.74:  55%|█████▌    | 11/20 [02:29<01:59, 13.23s/it]                 Task 4, Epoch 12/20 => Loss 0.357, Train_accy 73.74:  60%|██████    | 12/20 [02:29<01:39, 12.49s/it]Task 4, Epoch 13/20 => Loss 0.319, Train_accy 75.58:  60%|██████    | 12/20 [02:40<01:39, 12.49s/it]Task 4, Epoch 13/20 => Loss 0.319, Train_accy 75.58:  65%|██████▌   | 13/20 [02:40<01:23, 11.94s/it]Task 4, Epoch 14/20 => Loss 0.327, Train_accy 76.18:  65%|██████▌   | 13/20 [02:51<01:23, 11.94s/it]Task 4, Epoch 14/20 => Loss 0.327, Train_accy 76.18:  70%|███████   | 14/20 [02:51<01:09, 11.58s/it]Task 4, Epoch 15/20 => Loss 0.324, Train_accy 75.88:  70%|███████   | 14/20 [03:01<01:09, 11.58s/it]Task 4, Epoch 15/20 => Loss 0.324, Train_accy 75.88:  75%|███████▌  | 15/20 [03:01<00:56, 11.32s/it]Task 4, Epoch 16/20 => Loss 0.318, Train_accy 75.93, Test_accy 80.64:  75%|███████▌  | 15/20 [03:19<00:56, 11.32s/it]Task 4, Epoch 16/20 => Loss 0.318, Train_accy 75.93, Test_accy 80.64:  80%|████████  | 16/20 [03:19<00:52, 13.18s/it]Task 4, Epoch 17/20 => Loss 0.304, Train_accy 76.38:  80%|████████  | 16/20 [03:30<00:52, 13.18s/it]                 Task 4, Epoch 17/20 => Loss 0.304, Train_accy 76.38:  85%|████████▌ | 17/20 [03:30<00:37, 12.44s/it]Task 4, Epoch 18/20 => Loss 0.286, Train_accy 77.92:  85%|████████▌ | 17/20 [03:40<00:37, 12.44s/it]Task 4, Epoch 18/20 => Loss 0.286, Train_accy 77.92:  90%|█████████ | 18/20 [03:40<00:23, 11.93s/it]Task 4, Epoch 19/20 => Loss 0.310, Train_accy 76.73:  90%|█████████ | 18/20 [03:51<00:23, 11.93s/it]Task 4, Epoch 19/20 => Loss 0.310, Train_accy 76.73:  95%|█████████▌| 19/20 [03:51<00:11, 11.58s/it]Task 4, Epoch 20/20 => Loss 0.288, Train_accy 77.37:  95%|█████████▌| 19/20 [04:02<00:11, 11.58s/it]Task 4, Epoch 20/20 => Loss 0.288, Train_accy 77.37: 100%|██████████| 20/20 [04:02<00:00, 11.32s/it]Task 4, Epoch 20/20 => Loss 0.288, Train_accy 77.37: 100%|██████████| 20/20 [04:02<00:00, 12.12s/it]
2026-02-14 17:42:57,184 [sdlora.py] => Task 4, Epoch 20/20 => Loss 0.288, Train_accy 77.37
2026-02-14 17:42:58,283 [sdlora.py] => Saved task checkpoint to: ./checkpoints/ImageNetR3/ckpt_task_4.pt
2026-02-14 17:43:04,981 [trainer.py] => No NME accuracy.
2026-02-14 17:43:04,981 [trainer.py] => CNN: {'total': np.float64(80.67), '00-19': np.float64(80.15), '20-39': np.float64(83.48), '40-59': np.float64(80.71), '60-79': np.float64(78.03), '80-99': np.float64(81.32), 'old': np.float64(80.52), 'new': np.float64(81.32)}
2026-02-14 17:43:04,981 [trainer.py] => CNN top1 curve: [np.float64(90.64), np.float64(89.0), np.float64(85.58), np.float64(82.14), np.float64(80.67)]
2026-02-14 17:43:04,981 [trainer.py] => CNN top5 curve: [np.float64(98.69), np.float64(96.98), np.float64(95.15), np.float64(94.19), np.float64(93.07)]

Average Accuracy (CNN): 85.606
2026-02-14 17:43:04,981 [trainer.py] => Average Accuracy (CNN): 85.606 

task 5
2026-02-14 17:43:04,983 [trainer.py] => All params: 172042873
2026-02-14 17:43:04,984 [trainer.py] => Trainable params: 445561
2026-02-14 17:43:04,985 [sdlora.py] => Learning on 100-120
2026-02-14 17:43:05,713 [_builder.py] => Loading pretrained weights from Hugging Face hub (timm/vit_base_patch16_224.augreg2_in21k_ft_in1k)
2026-02-14 17:43:05,716 [_hub.py] => [timm/vit_base_patch16_224.augreg2_in21k_ft_in1k] Safe alternative available for 'pytorch_model.bin' (as 'model.safetensors'). Loading weights using safetensors.
save_file ./checkpoints/ImageNetR3/
  0%|          | 0/20 [00:00<?, ?it/s]Task 5, Epoch 1/20 => Loss 1.635, Train_accy 24.18, Test_accy 78.55:   0%|          | 0/20 [00:21<?, ?it/s]Task 5, Epoch 1/20 => Loss 1.635, Train_accy 24.18, Test_accy 78.55:   5%|▌         | 1/20 [00:21<06:46, 21.40s/it]Task 5, Epoch 2/20 => Loss 0.484, Train_accy 68.76:   5%|▌         | 1/20 [00:34<06:46, 21.40s/it]                 Task 5, Epoch 2/20 => Loss 0.484, Train_accy 68.76:  10%|█         | 2/20 [00:34<04:56, 16.45s/it]Task 5, Epoch 3/20 => Loss 0.395, Train_accy 75.82:  10%|█         | 2/20 [00:47<04:56, 16.45s/it]Task 5, Epoch 3/20 => Loss 0.395, Train_accy 75.82:  15%|█▌        | 3/20 [00:47<04:13, 14.92s/it]Task 5, Epoch 4/20 => Loss 0.350, Train_accy 78.08:  15%|█▌        | 3/20 [01:00<04:13, 14.92s/it]Task 5, Epoch 4/20 => Loss 0.350, Train_accy 78.08:  20%|██        | 4/20 [01:00<03:48, 14.30s/it]Task 5, Epoch 5/20 => Loss 0.325, Train_accy 78.47:  20%|██        | 4/20 [01:14<03:48, 14.30s/it]Task 5, Epoch 5/20 => Loss 0.325, Train_accy 78.47:  25%|██▌       | 5/20 [01:14<03:29, 13.94s/it]Task 5, Epoch 6/20 => Loss 0.392, Train_accy 78.12, Test_accy 80.70:  25%|██▌       | 5/20 [01:35<03:29, 13.94s/it]Task 5, Epoch 6/20 => Loss 0.392, Train_accy 78.12, Test_accy 80.70:  30%|███       | 6/20 [01:35<03:50, 16.45s/it]Task 5, Epoch 7/20 => Loss 0.298, Train_accy 79.81:  30%|███       | 6/20 [01:48<03:50, 16.45s/it]                 Task 5, Epoch 7/20 => Loss 0.298, Train_accy 79.81:  35%|███▌      | 7/20 [01:48<03:19, 15.37s/it]Task 5, Epoch 8/20 => Loss 0.312, Train_accy 79.64:  35%|███▌      | 7/20 [02:01<03:19, 15.37s/it]Task 5, Epoch 8/20 => Loss 0.312, Train_accy 79.64:  40%|████      | 8/20 [02:01<02:55, 14.61s/it]Task 5, Epoch 9/20 => Loss 0.334, Train_accy 81.46:  40%|████      | 8/20 [02:14<02:55, 14.61s/it]Task 5, Epoch 9/20 => Loss 0.334, Train_accy 81.46:  45%|████▌     | 9/20 [02:14<02:35, 14.12s/it]Task 5, Epoch 10/20 => Loss 0.367, Train_accy 80.72:  45%|████▌     | 9/20 [02:27<02:35, 14.12s/it]Task 5, Epoch 10/20 => Loss 0.367, Train_accy 80.72:  50%|█████     | 10/20 [02:27<02:17, 13.78s/it]Task 5, Epoch 11/20 => Loss 0.294, Train_accy 82.45, Test_accy 80.12:  50%|█████     | 10/20 [02:49<02:17, 13.78s/it]Task 5, Epoch 11/20 => Loss 0.294, Train_accy 82.45, Test_accy 80.12:  55%|█████▌    | 11/20 [02:49<02:25, 16.16s/it]Task 5, Epoch 12/20 => Loss 0.254, Train_accy 82.76:  55%|█████▌    | 11/20 [03:02<02:25, 16.16s/it]                 Task 5, Epoch 12/20 => Loss 0.254, Train_accy 82.76:  60%|██████    | 12/20 [03:02<02:02, 15.31s/it]Task 5, Epoch 13/20 => Loss 0.285, Train_accy 82.63:  60%|██████    | 12/20 [03:15<02:02, 15.31s/it]Task 5, Epoch 13/20 => Loss 0.285, Train_accy 82.63:  65%|██████▌   | 13/20 [03:15<01:42, 14.66s/it]Task 5, Epoch 14/20 => Loss 0.268, Train_accy 82.67:  65%|██████▌   | 13/20 [03:28<01:42, 14.66s/it]Task 5, Epoch 14/20 => Loss 0.268, Train_accy 82.67:  70%|███████   | 14/20 [03:28<01:25, 14.20s/it]Task 5, Epoch 15/20 => Loss 0.262, Train_accy 83.75:  70%|███████   | 14/20 [03:41<01:25, 14.20s/it]Task 5, Epoch 15/20 => Loss 0.262, Train_accy 83.75:  75%|███████▌  | 15/20 [03:41<01:09, 13.88s/it]Task 5, Epoch 16/20 => Loss 0.229, Train_accy 85.23, Test_accy 80.50:  75%|███████▌  | 15/20 [04:03<01:09, 13.88s/it]Task 5, Epoch 16/20 => Loss 0.229, Train_accy 85.23, Test_accy 80.50:  80%|████████  | 16/20 [04:03<01:04, 16.11s/it]Task 5, Epoch 17/20 => Loss 0.246, Train_accy 82.80:  80%|████████  | 16/20 [04:16<01:04, 16.11s/it]                 Task 5, Epoch 17/20 => Loss 0.246, Train_accy 82.80:  85%|████████▌ | 17/20 [04:16<00:45, 15.22s/it]Task 5, Epoch 18/20 => Loss 0.278, Train_accy 84.84:  85%|████████▌ | 17/20 [04:29<00:45, 15.22s/it]Task 5, Epoch 18/20 => Loss 0.278, Train_accy 84.84:  90%|█████████ | 18/20 [04:29<00:29, 14.59s/it]Task 5, Epoch 19/20 => Loss 0.242, Train_accy 84.62:  90%|█████████ | 18/20 [04:42<00:29, 14.59s/it]Task 5, Epoch 19/20 => Loss 0.242, Train_accy 84.62:  95%|█████████▌| 19/20 [04:42<00:14, 14.22s/it]Task 5, Epoch 20/20 => Loss 0.210, Train_accy 84.84:  95%|█████████▌| 19/20 [04:55<00:14, 14.22s/it]Task 5, Epoch 20/20 => Loss 0.210, Train_accy 84.84: 100%|██████████| 20/20 [04:55<00:00, 13.86s/it]Task 5, Epoch 20/20 => Loss 0.210, Train_accy 84.84: 100%|██████████| 20/20 [04:55<00:00, 14.80s/it]
2026-02-14 17:48:02,245 [sdlora.py] => Task 5, Epoch 20/20 => Loss 0.210, Train_accy 84.84
2026-02-14 17:48:03,060 [sdlora.py] => Saved task checkpoint to: ./checkpoints/ImageNetR3/ckpt_task_5.pt
2026-02-14 17:48:11,229 [trainer.py] => No NME accuracy.
2026-02-14 17:48:11,229 [trainer.py] => CNN: {'total': np.float64(80.38), '00-19': np.float64(75.66), '20-39': np.float64(81.51), '40-59': np.float64(79.9), '60-79': np.float64(76.75), '80-99': np.float64(80.95), '100-119': np.float64(87.98), 'old': np.float64(78.94), 'new': np.float64(87.98)}
2026-02-14 17:48:11,229 [trainer.py] => CNN top1 curve: [np.float64(90.64), np.float64(89.0), np.float64(85.58), np.float64(82.14), np.float64(80.67), np.float64(80.38)]
2026-02-14 17:48:11,229 [trainer.py] => CNN top5 curve: [np.float64(98.69), np.float64(96.98), np.float64(95.15), np.float64(94.19), np.float64(93.07), np.float64(92.26)]

Average Accuracy (CNN): 84.735
2026-02-14 17:48:11,229 [trainer.py] => Average Accuracy (CNN): 84.735 

task 6
2026-02-14 17:48:11,231 [trainer.py] => All params: 172058253
2026-02-14 17:48:11,232 [trainer.py] => Trainable params: 460941
2026-02-14 17:48:11,233 [sdlora.py] => Learning on 120-140
2026-02-14 17:48:11,950 [_builder.py] => Loading pretrained weights from Hugging Face hub (timm/vit_base_patch16_224.augreg2_in21k_ft_in1k)
2026-02-14 17:48:11,951 [_hub.py] => [timm/vit_base_patch16_224.augreg2_in21k_ft_in1k] Safe alternative available for 'pytorch_model.bin' (as 'model.safetensors'). Loading weights using safetensors.
save_file ./checkpoints/ImageNetR3/
  0%|          | 0/20 [00:00<?, ?it/s]Task 6, Epoch 1/20 => Loss 1.655, Train_accy 21.21, Test_accy 76.44:   0%|          | 0/20 [00:25<?, ?it/s]Task 6, Epoch 1/20 => Loss 1.655, Train_accy 21.21, Test_accy 76.44:   5%|▌         | 1/20 [00:25<08:04, 25.49s/it]Task 6, Epoch 2/20 => Loss 0.547, Train_accy 62.30:   5%|▌         | 1/20 [00:40<08:04, 25.49s/it]                 Task 6, Epoch 2/20 => Loss 0.547, Train_accy 62.30:  10%|█         | 2/20 [00:40<05:51, 19.52s/it]Task 6, Epoch 3/20 => Loss 0.455, Train_accy 68.62:  10%|█         | 2/20 [00:56<05:51, 19.52s/it]Task 6, Epoch 3/20 => Loss 0.455, Train_accy 68.62:  15%|█▌        | 3/20 [00:56<04:58, 17.56s/it]Task 6, Epoch 4/20 => Loss 0.419, Train_accy 70.06:  15%|█▌        | 3/20 [01:11<04:58, 17.56s/it]Task 6, Epoch 4/20 => Loss 0.419, Train_accy 70.06:  20%|██        | 4/20 [01:11<04:27, 16.73s/it]Task 6, Epoch 5/20 => Loss 0.424, Train_accy 69.67:  20%|██        | 4/20 [01:26<04:27, 16.73s/it]Task 6, Epoch 5/20 => Loss 0.424, Train_accy 69.67:  25%|██▌       | 5/20 [01:26<04:03, 16.25s/it]Task 6, Epoch 6/20 => Loss 0.363, Train_accy 71.19, Test_accy 79.01:  25%|██▌       | 5/20 [01:52<04:03, 16.25s/it]Task 6, Epoch 6/20 => Loss 0.363, Train_accy 71.19, Test_accy 79.01:  30%|███       | 6/20 [01:52<04:31, 19.38s/it]Task 6, Epoch 7/20 => Loss 0.345, Train_accy 71.77:  30%|███       | 6/20 [02:07<04:31, 19.38s/it]                 Task 6, Epoch 7/20 => Loss 0.345, Train_accy 71.77:  35%|███▌      | 7/20 [02:07<03:54, 18.04s/it]Task 6, Epoch 8/20 => Loss 0.395, Train_accy 71.42:  35%|███▌      | 7/20 [02:22<03:54, 18.04s/it]Task 6, Epoch 8/20 => Loss 0.395, Train_accy 71.42:  40%|████      | 8/20 [02:22<03:26, 17.18s/it]Task 6, Epoch 9/20 => Loss 0.346, Train_accy 71.81:  40%|████      | 8/20 [02:38<03:26, 17.18s/it]Task 6, Epoch 9/20 => Loss 0.346, Train_accy 71.81:  45%|████▌     | 9/20 [02:38<03:03, 16.65s/it]Task 6, Epoch 10/20 => Loss 0.315, Train_accy 74.31:  45%|████▌     | 9/20 [02:53<03:03, 16.65s/it]Task 6, Epoch 10/20 => Loss 0.315, Train_accy 74.31:  50%|█████     | 10/20 [02:53<02:42, 16.23s/it]Task 6, Epoch 11/20 => Loss 0.324, Train_accy 74.35, Test_accy 79.33:  50%|█████     | 10/20 [03:19<02:42, 16.23s/it]Task 6, Epoch 11/20 => Loss 0.324, Train_accy 74.35, Test_accy 79.33:  55%|█████▌    | 11/20 [03:19<02:51, 19.05s/it]Task 6, Epoch 12/20 => Loss 0.276, Train_accy 74.23:  55%|█████▌    | 11/20 [03:34<02:51, 19.05s/it]                 Task 6, Epoch 12/20 => Loss 0.276, Train_accy 74.23:  60%|██████    | 12/20 [03:34<02:23, 17.91s/it]Task 6, Epoch 13/20 => Loss 0.257, Train_accy 77.47:  60%|██████    | 12/20 [03:49<02:23, 17.91s/it]Task 6, Epoch 13/20 => Loss 0.257, Train_accy 77.47:  65%|██████▌   | 13/20 [03:49<02:00, 17.15s/it]Task 6, Epoch 14/20 => Loss 0.256, Train_accy 76.65:  65%|██████▌   | 13/20 [04:05<02:00, 17.15s/it]Task 6, Epoch 14/20 => Loss 0.256, Train_accy 76.65:  70%|███████   | 14/20 [04:05<01:39, 16.65s/it]Task 6, Epoch 15/20 => Loss 0.240, Train_accy 77.89:  70%|███████   | 14/20 [04:20<01:39, 16.65s/it]Task 6, Epoch 15/20 => Loss 0.240, Train_accy 77.89:  75%|███████▌  | 15/20 [04:20<01:21, 16.24s/it]Task 6, Epoch 16/20 => Loss 0.241, Train_accy 76.65, Test_accy 79.60:  75%|███████▌  | 15/20 [04:46<01:21, 16.24s/it]Task 6, Epoch 16/20 => Loss 0.241, Train_accy 76.65, Test_accy 79.60:  80%|████████  | 16/20 [04:46<01:16, 19.04s/it]Task 6, Epoch 17/20 => Loss 0.237, Train_accy 79.38:  80%|████████  | 16/20 [05:01<01:16, 19.04s/it]                 Task 6, Epoch 17/20 => Loss 0.237, Train_accy 79.38:  85%|████████▌ | 17/20 [05:01<00:53, 17.92s/it]Task 6, Epoch 18/20 => Loss 0.262, Train_accy 77.39:  85%|████████▌ | 17/20 [05:16<00:53, 17.92s/it]Task 6, Epoch 18/20 => Loss 0.262, Train_accy 77.39:  90%|█████████ | 18/20 [05:16<00:34, 17.13s/it]Task 6, Epoch 19/20 => Loss 0.228, Train_accy 79.26:  90%|█████████ | 18/20 [05:32<00:34, 17.13s/it]Task 6, Epoch 19/20 => Loss 0.228, Train_accy 79.26:  95%|█████████▌| 19/20 [05:32<00:16, 16.64s/it]Task 6, Epoch 20/20 => Loss 0.251, Train_accy 77.35:  95%|█████████▌| 19/20 [05:47<00:16, 16.64s/it]Task 6, Epoch 20/20 => Loss 0.251, Train_accy 77.35: 100%|██████████| 20/20 [05:47<00:00, 16.27s/it]Task 6, Epoch 20/20 => Loss 0.251, Train_accy 77.35: 100%|██████████| 20/20 [05:47<00:00, 17.39s/it]
2026-02-14 17:54:00,082 [sdlora.py] => Task 6, Epoch 20/20 => Loss 0.251, Train_accy 77.35
2026-02-14 17:54:01,061 [sdlora.py] => Saved task checkpoint to: ./checkpoints/ImageNetR3/ckpt_task_6.pt
2026-02-14 17:54:11,222 [trainer.py] => No NME accuracy.
2026-02-14 17:54:11,222 [trainer.py] => CNN: {'total': np.float64(79.65), '00-19': np.float64(75.47), '20-39': np.float64(79.53), '40-59': np.float64(78.78), '60-79': np.float64(74.04), '80-99': np.float64(79.85), '100-119': np.float64(88.52), '120-139': np.float64(81.75), 'old': np.float64(79.25), 'new': np.float64(81.75)}
2026-02-14 17:54:11,223 [trainer.py] => CNN top1 curve: [np.float64(90.64), np.float64(89.0), np.float64(85.58), np.float64(82.14), np.float64(80.67), np.float64(80.38), np.float64(79.65)]
2026-02-14 17:54:11,223 [trainer.py] => CNN top5 curve: [np.float64(98.69), np.float64(96.98), np.float64(95.15), np.float64(94.19), np.float64(93.07), np.float64(92.26), np.float64(92.1)]

Average Accuracy (CNN): 84.00857142857141
2026-02-14 17:54:11,223 [trainer.py] => Average Accuracy (CNN): 84.00857142857141 

task 7
2026-02-14 17:54:11,225 [trainer.py] => All params: 172073633
2026-02-14 17:54:11,226 [trainer.py] => Trainable params: 476321
2026-02-14 17:54:11,228 [sdlora.py] => Learning on 140-160
2026-02-14 17:54:14,959 [_builder.py] => Loading pretrained weights from Hugging Face hub (timm/vit_base_patch16_224.augreg2_in21k_ft_in1k)
2026-02-14 17:54:14,960 [_hub.py] => [timm/vit_base_patch16_224.augreg2_in21k_ft_in1k] Safe alternative available for 'pytorch_model.bin' (as 'model.safetensors'). Loading weights using safetensors.
save_file ./checkpoints/ImageNetR3/
  0%|          | 0/20 [00:00<?, ?it/s]Task 7, Epoch 1/20 => Loss 1.767, Train_accy 20.74, Test_accy 76.90:   0%|          | 0/20 [00:27<?, ?it/s]Task 7, Epoch 1/20 => Loss 1.767, Train_accy 20.74, Test_accy 76.90:   5%|▌         | 1/20 [00:27<08:36, 27.17s/it]Task 7, Epoch 2/20 => Loss 0.510, Train_accy 66.55:   5%|▌         | 1/20 [00:42<08:36, 27.17s/it]                 Task 7, Epoch 2/20 => Loss 0.510, Train_accy 66.55:  10%|█         | 2/20 [00:42<06:00, 20.01s/it]Task 7, Epoch 3/20 => Loss 0.416, Train_accy 72.95:  10%|█         | 2/20 [00:57<06:00, 20.01s/it]Task 7, Epoch 3/20 => Loss 0.416, Train_accy 72.95:  15%|█▌        | 3/20 [00:57<05:02, 17.77s/it]Task 7, Epoch 4/20 => Loss 0.368, Train_accy 74.25:  15%|█▌        | 3/20 [01:12<05:02, 17.77s/it]Task 7, Epoch 4/20 => Loss 0.368, Train_accy 74.25:  20%|██        | 4/20 [01:12<04:26, 16.68s/it]Task 7, Epoch 5/20 => Loss 0.377, Train_accy 73.75:  20%|██        | 4/20 [01:27<04:26, 16.68s/it]Task 7, Epoch 5/20 => Loss 0.377, Train_accy 73.75:  25%|██▌       | 5/20 [01:27<04:00, 16.05s/it]Task 7, Epoch 6/20 => Loss 0.285, Train_accy 74.13, Test_accy 79.25:  25%|██▌       | 5/20 [01:54<04:00, 16.05s/it]Task 7, Epoch 6/20 => Loss 0.285, Train_accy 74.13, Test_accy 79.25:  30%|███       | 6/20 [01:54<04:37, 19.81s/it]Task 7, Epoch 7/20 => Loss 0.318, Train_accy 75.31:  30%|███       | 6/20 [02:09<04:37, 19.81s/it]                 Task 7, Epoch 7/20 => Loss 0.318, Train_accy 75.31:  35%|███▌      | 7/20 [02:09<03:57, 18.24s/it]Task 7, Epoch 8/20 => Loss 0.291, Train_accy 74.38:  35%|███▌      | 7/20 [02:24<03:57, 18.24s/it]Task 7, Epoch 8/20 => Loss 0.291, Train_accy 74.38:  40%|████      | 8/20 [02:24<03:27, 17.29s/it]Task 7, Epoch 9/20 => Loss 0.293, Train_accy 75.01:  40%|████      | 8/20 [02:39<03:27, 17.29s/it]Task 7, Epoch 9/20 => Loss 0.293, Train_accy 75.01:  45%|████▌     | 9/20 [02:39<03:03, 16.67s/it]Task 7, Epoch 10/20 => Loss 0.296, Train_accy 76.48:  45%|████▌     | 9/20 [02:54<03:03, 16.67s/it]Task 7, Epoch 10/20 => Loss 0.296, Train_accy 76.48:  50%|█████     | 10/20 [02:54<02:41, 16.15s/it]Task 7, Epoch 11/20 => Loss 0.265, Train_accy 77.79, Test_accy 79.23:  50%|█████     | 10/20 [03:21<02:41, 16.15s/it]Task 7, Epoch 11/20 => Loss 0.265, Train_accy 77.79, Test_accy 79.23:  55%|█████▌    | 11/20 [03:21<02:55, 19.51s/it]Task 7, Epoch 12/20 => Loss 0.243, Train_accy 77.62:  55%|█████▌    | 11/20 [03:37<02:55, 19.51s/it]                 Task 7, Epoch 12/20 => Loss 0.243, Train_accy 77.62:  60%|██████    | 12/20 [03:37<02:25, 18.14s/it]Task 7, Epoch 13/20 => Loss 0.286, Train_accy 76.48:  60%|██████    | 12/20 [03:52<02:25, 18.14s/it]Task 7, Epoch 13/20 => Loss 0.286, Train_accy 76.48:  65%|██████▌   | 13/20 [03:52<02:00, 17.28s/it]Task 7, Epoch 14/20 => Loss 0.259, Train_accy 77.16:  65%|██████▌   | 13/20 [04:07<02:00, 17.28s/it]Task 7, Epoch 14/20 => Loss 0.259, Train_accy 77.16:  70%|███████   | 14/20 [04:07<01:39, 16.61s/it]Task 7, Epoch 15/20 => Loss 0.271, Train_accy 77.62:  70%|███████   | 14/20 [04:22<01:39, 16.61s/it]Task 7, Epoch 15/20 => Loss 0.271, Train_accy 77.62:  75%|███████▌  | 15/20 [04:22<01:20, 16.11s/it]Task 7, Epoch 16/20 => Loss 0.253, Train_accy 77.11, Test_accy 79.13:  75%|███████▌  | 15/20 [04:49<01:20, 16.11s/it]Task 7, Epoch 16/20 => Loss 0.253, Train_accy 77.11, Test_accy 79.13:  80%|████████  | 16/20 [04:49<01:17, 19.44s/it]Task 7, Epoch 17/20 => Loss 0.245, Train_accy 78.00:  80%|████████  | 16/20 [05:04<01:17, 19.44s/it]                 Task 7, Epoch 17/20 => Loss 0.245, Train_accy 78.00:  85%|████████▌ | 17/20 [05:04<00:54, 18.17s/it]Task 7, Epoch 18/20 => Loss 0.222, Train_accy 79.47:  85%|████████▌ | 17/20 [05:20<00:54, 18.17s/it]Task 7, Epoch 18/20 => Loss 0.222, Train_accy 79.47:  90%|█████████ | 18/20 [05:20<00:34, 17.31s/it]Task 7, Epoch 19/20 => Loss 0.229, Train_accy 78.75:  90%|█████████ | 18/20 [05:34<00:34, 17.31s/it]Task 7, Epoch 19/20 => Loss 0.229, Train_accy 78.75:  95%|█████████▌| 19/20 [05:34<00:16, 16.60s/it]Task 7, Epoch 20/20 => Loss 0.215, Train_accy 79.43:  95%|█████████▌| 19/20 [05:50<00:16, 16.60s/it]Task 7, Epoch 20/20 => Loss 0.215, Train_accy 79.43: 100%|██████████| 20/20 [05:50<00:00, 16.15s/it]Task 7, Epoch 20/20 => Loss 0.215, Train_accy 79.43: 100%|██████████| 20/20 [05:50<00:00, 17.50s/it]
2026-02-14 18:00:07,429 [sdlora.py] => Task 7, Epoch 20/20 => Loss 0.215, Train_accy 79.43
2026-02-14 18:00:08,417 [sdlora.py] => Saved task checkpoint to: ./checkpoints/ImageNetR3/ckpt_task_7.pt
2026-02-14 18:00:20,582 [trainer.py] => No NME accuracy.
2026-02-14 18:00:20,582 [trainer.py] => CNN: {'total': np.float64(79.32), '00-19': np.float64(74.53), '20-39': np.float64(79.35), '40-59': np.float64(77.49), '60-79': np.float64(72.93), '80-99': np.float64(78.21), '100-119': np.float64(87.61), '120-139': np.float64(81.13), '140-159': np.float64(83.74), 'old': np.float64(78.69), 'new': np.float64(83.74)}
2026-02-14 18:00:20,582 [trainer.py] => CNN top1 curve: [np.float64(90.64), np.float64(89.0), np.float64(85.58), np.float64(82.14), np.float64(80.67), np.float64(80.38), np.float64(79.65), np.float64(79.32)]
2026-02-14 18:00:20,582 [trainer.py] => CNN top5 curve: [np.float64(98.69), np.float64(96.98), np.float64(95.15), np.float64(94.19), np.float64(93.07), np.float64(92.26), np.float64(92.1), np.float64(92.26)]

Average Accuracy (CNN): 83.42249999999999
2026-02-14 18:00:20,582 [trainer.py] => Average Accuracy (CNN): 83.42249999999999 

task 8
2026-02-14 18:00:20,584 [trainer.py] => All params: 172089013
2026-02-14 18:00:20,585 [trainer.py] => Trainable params: 491701
2026-02-14 18:00:20,586 [sdlora.py] => Learning on 160-180
2026-02-14 18:00:21,382 [_builder.py] => Loading pretrained weights from Hugging Face hub (timm/vit_base_patch16_224.augreg2_in21k_ft_in1k)
2026-02-14 18:00:21,385 [_hub.py] => [timm/vit_base_patch16_224.augreg2_in21k_ft_in1k] Safe alternative available for 'pytorch_model.bin' (as 'model.safetensors'). Loading weights using safetensors.
save_file ./checkpoints/ImageNetR3/
  0%|          | 0/20 [00:00<?, ?it/s]Task 8, Epoch 1/20 => Loss 1.690, Train_accy 23.32, Test_accy 76.37:   0%|          | 0/20 [00:33<?, ?it/s]Task 8, Epoch 1/20 => Loss 1.690, Train_accy 23.32, Test_accy 76.37:   5%|▌         | 1/20 [00:33<10:45, 33.99s/it]Task 8, Epoch 2/20 => Loss 0.647, Train_accy 59.56:   5%|▌         | 1/20 [00:53<10:45, 33.99s/it]                 Task 8, Epoch 2/20 => Loss 0.647, Train_accy 59.56:  10%|█         | 2/20 [00:53<07:34, 25.27s/it]Task 8, Epoch 3/20 => Loss 0.556, Train_accy 62.07:  10%|█         | 2/20 [01:12<07:34, 25.27s/it]Task 8, Epoch 3/20 => Loss 0.556, Train_accy 62.07:  15%|█▌        | 3/20 [01:12<06:21, 22.45s/it]Task 8, Epoch 4/20 => Loss 0.523, Train_accy 63.73:  15%|█▌        | 3/20 [01:31<06:21, 22.45s/it]Task 8, Epoch 4/20 => Loss 0.523, Train_accy 63.73:  20%|██        | 4/20 [01:31<05:38, 21.18s/it]Task 8, Epoch 5/20 => Loss 0.467, Train_accy 62.80:  20%|██        | 4/20 [01:50<05:38, 21.18s/it]Task 8, Epoch 5/20 => Loss 0.467, Train_accy 62.80:  25%|██▌       | 5/20 [01:50<05:06, 20.43s/it]Task 8, Epoch 6/20 => Loss 0.426, Train_accy 64.35, Test_accy 77.68:  25%|██▌       | 5/20 [02:24<05:06, 20.43s/it]Task 8, Epoch 6/20 => Loss 0.426, Train_accy 64.35, Test_accy 77.68:  30%|███       | 6/20 [02:24<05:50, 25.01s/it]Task 8, Epoch 7/20 => Loss 0.460, Train_accy 65.14:  30%|███       | 6/20 [02:43<05:50, 25.01s/it]                 Task 8, Epoch 7/20 => Loss 0.460, Train_accy 65.14:  35%|███▌      | 7/20 [02:43<05:00, 23.14s/it]Task 8, Epoch 8/20 => Loss 0.384, Train_accy 67.28:  35%|███▌      | 7/20 [03:03<05:00, 23.14s/it]Task 8, Epoch 8/20 => Loss 0.384, Train_accy 67.28:  40%|████      | 8/20 [03:03<04:22, 21.91s/it]Task 8, Epoch 9/20 => Loss 0.378, Train_accy 67.38:  40%|████      | 8/20 [03:22<04:22, 21.91s/it]Task 8, Epoch 9/20 => Loss 0.378, Train_accy 67.38:  45%|████▌     | 9/20 [03:22<03:51, 21.08s/it]Task 8, Epoch 10/20 => Loss 0.398, Train_accy 66.41:  45%|████▌     | 9/20 [03:41<03:51, 21.08s/it]Task 8, Epoch 10/20 => Loss 0.398, Train_accy 66.41:  50%|█████     | 10/20 [03:41<03:25, 20.53s/it]Task 8, Epoch 11/20 => Loss 0.373, Train_accy 69.20, Test_accy 77.86:  50%|█████     | 10/20 [04:15<03:25, 20.53s/it]Task 8, Epoch 11/20 => Loss 0.373, Train_accy 69.20, Test_accy 77.86:  55%|█████▌    | 11/20 [04:15<03:41, 24.60s/it]Task 8, Epoch 12/20 => Loss 0.363, Train_accy 68.83:  55%|█████▌    | 11/20 [04:34<03:41, 24.60s/it]                 Task 8, Epoch 12/20 => Loss 0.363, Train_accy 68.83:  60%|██████    | 12/20 [04:34<03:03, 22.96s/it]Task 8, Epoch 13/20 => Loss 0.339, Train_accy 69.82:  60%|██████    | 12/20 [04:53<03:03, 22.96s/it]Task 8, Epoch 13/20 => Loss 0.339, Train_accy 69.82:  65%|██████▌   | 13/20 [04:53<02:32, 21.85s/it]Task 8, Epoch 14/20 => Loss 0.322, Train_accy 69.86:  65%|██████▌   | 13/20 [05:12<02:32, 21.85s/it]Task 8, Epoch 14/20 => Loss 0.322, Train_accy 69.86:  70%|███████   | 14/20 [05:12<02:06, 21.01s/it]Task 8, Epoch 15/20 => Loss 0.338, Train_accy 69.69:  70%|███████   | 14/20 [05:32<02:06, 21.01s/it]Task 8, Epoch 15/20 => Loss 0.338, Train_accy 69.69:  75%|███████▌  | 15/20 [05:32<01:42, 20.47s/it]Task 8, Epoch 16/20 => Loss 0.315, Train_accy 70.72, Test_accy 77.59:  75%|███████▌  | 15/20 [06:06<01:42, 20.47s/it]Task 8, Epoch 16/20 => Loss 0.315, Train_accy 70.72, Test_accy 77.59:  80%|████████  | 16/20 [06:06<01:37, 24.50s/it]Task 8, Epoch 17/20 => Loss 0.313, Train_accy 70.79:  80%|████████  | 16/20 [06:25<01:37, 24.50s/it]                 Task 8, Epoch 17/20 => Loss 0.313, Train_accy 70.79:  85%|████████▌ | 17/20 [06:25<01:08, 22.88s/it]Task 8, Epoch 18/20 => Loss 0.324, Train_accy 70.72:  85%|████████▌ | 17/20 [06:44<01:08, 22.88s/it]Task 8, Epoch 18/20 => Loss 0.324, Train_accy 70.72:  90%|█████████ | 18/20 [06:44<00:43, 21.75s/it]Task 8, Epoch 19/20 => Loss 0.314, Train_accy 71.72:  90%|█████████ | 18/20 [07:03<00:43, 21.75s/it]Task 8, Epoch 19/20 => Loss 0.314, Train_accy 71.72:  95%|█████████▌| 19/20 [07:03<00:20, 20.98s/it]Task 8, Epoch 20/20 => Loss 0.308, Train_accy 71.41:  95%|█████████▌| 19/20 [07:22<00:20, 20.98s/it]Task 8, Epoch 20/20 => Loss 0.308, Train_accy 71.41: 100%|██████████| 20/20 [07:22<00:00, 20.44s/it]Task 8, Epoch 20/20 => Loss 0.308, Train_accy 71.41: 100%|██████████| 20/20 [07:22<00:00, 22.13s/it]
2026-02-14 18:07:44,228 [sdlora.py] => Task 8, Epoch 20/20 => Loss 0.308, Train_accy 71.41
2026-02-14 18:07:45,167 [sdlora.py] => Saved task checkpoint to: ./checkpoints/ImageNetR3/ckpt_task_8.pt
2026-02-14 18:08:00,055 [trainer.py] => No NME accuracy.
2026-02-14 18:08:00,056 [trainer.py] => CNN: {'total': np.float64(77.42), '00-19': np.float64(73.03), '20-39': np.float64(75.94), '40-59': np.float64(77.01), '60-79': np.float64(71.82), '80-99': np.float64(76.19), '100-119': np.float64(86.16), '120-139': np.float64(81.13), '140-159': np.float64(83.04), '160-179': np.float64(73.59), 'old': np.float64(78.03), 'new': np.float64(73.59)}
2026-02-14 18:08:00,056 [trainer.py] => CNN top1 curve: [np.float64(90.64), np.float64(89.0), np.float64(85.58), np.float64(82.14), np.float64(80.67), np.float64(80.38), np.float64(79.65), np.float64(79.32), np.float64(77.42)]
2026-02-14 18:08:00,056 [trainer.py] => CNN top5 curve: [np.float64(98.69), np.float64(96.98), np.float64(95.15), np.float64(94.19), np.float64(93.07), np.float64(92.26), np.float64(92.1), np.float64(92.26), np.float64(91.02)]

Average Accuracy (CNN): 82.75555555555553
2026-02-14 18:08:00,056 [trainer.py] => Average Accuracy (CNN): 82.75555555555553 

task 9
2026-02-14 18:08:00,057 [trainer.py] => All params: 172104393
2026-02-14 18:08:00,058 [trainer.py] => Trainable params: 507081
2026-02-14 18:08:00,060 [sdlora.py] => Learning on 180-200
2026-02-14 18:08:04,002 [_builder.py] => Loading pretrained weights from Hugging Face hub (timm/vit_base_patch16_224.augreg2_in21k_ft_in1k)
2026-02-14 18:08:04,005 [_hub.py] => [timm/vit_base_patch16_224.augreg2_in21k_ft_in1k] Safe alternative available for 'pytorch_model.bin' (as 'model.safetensors'). Loading weights using safetensors.
save_file ./checkpoints/ImageNetR3/
  0%|          | 0/20 [00:00<?, ?it/s]Task 9, Epoch 1/20 => Loss 1.568, Train_accy 19.00, Test_accy 76.00:   0%|          | 0/20 [00:34<?, ?it/s]Task 9, Epoch 1/20 => Loss 1.568, Train_accy 19.00, Test_accy 76.00:   5%|▌         | 1/20 [00:34<10:59, 34.73s/it]Task 9, Epoch 2/20 => Loss 0.434, Train_accy 63.12:   5%|▌         | 1/20 [00:52<10:59, 34.73s/it]                 Task 9, Epoch 2/20 => Loss 0.434, Train_accy 63.12:  10%|█         | 2/20 [00:52<07:22, 24.57s/it]Task 9, Epoch 3/20 => Loss 0.411, Train_accy 69.93:  10%|█         | 2/20 [01:09<07:22, 24.57s/it]Task 9, Epoch 3/20 => Loss 0.411, Train_accy 69.93:  15%|█▌        | 3/20 [01:09<06:02, 21.31s/it]Task 9, Epoch 4/20 => Loss 0.332, Train_accy 71.78:  15%|█▌        | 3/20 [01:26<06:02, 21.31s/it]Task 9, Epoch 4/20 => Loss 0.332, Train_accy 71.78:  20%|██        | 4/20 [01:26<05:16, 19.75s/it]Task 9, Epoch 5/20 => Loss 0.338, Train_accy 72.10:  20%|██        | 4/20 [01:44<05:16, 19.75s/it]Task 9, Epoch 5/20 => Loss 0.338, Train_accy 72.10:  25%|██▌       | 5/20 [01:44<04:43, 18.89s/it]Task 9, Epoch 6/20 => Loss 0.323, Train_accy 72.26, Test_accy 78.00:  25%|██▌       | 5/20 [02:18<04:43, 18.89s/it]Task 9, Epoch 6/20 => Loss 0.323, Train_accy 72.26, Test_accy 78.00:  30%|███       | 6/20 [02:18<05:38, 24.19s/it]Task 9, Epoch 7/20 => Loss 0.317, Train_accy 72.91:  30%|███       | 6/20 [02:36<05:38, 24.19s/it]                 Task 9, Epoch 7/20 => Loss 0.317, Train_accy 72.91:  35%|███▌      | 7/20 [02:36<04:45, 21.96s/it]Task 9, Epoch 8/20 => Loss 0.282, Train_accy 73.83:  35%|███▌      | 7/20 [02:53<04:45, 21.96s/it]Task 9, Epoch 8/20 => Loss 0.282, Train_accy 73.83:  40%|████      | 8/20 [02:53<04:06, 20.56s/it]Task 9, Epoch 9/20 => Loss 0.272, Train_accy 75.52:  40%|████      | 8/20 [03:11<04:06, 20.56s/it]Task 9, Epoch 9/20 => Loss 0.272, Train_accy 75.52:  45%|████▌     | 9/20 [03:11<03:35, 19.59s/it]Task 9, Epoch 10/20 => Loss 0.277, Train_accy 74.88:  45%|████▌     | 9/20 [03:28<03:35, 19.59s/it]Task 9, Epoch 10/20 => Loss 0.277, Train_accy 74.88:  50%|█████     | 10/20 [03:28<03:09, 18.91s/it]Task 9, Epoch 11/20 => Loss 0.288, Train_accy 74.88, Test_accy 77.95:  50%|█████     | 10/20 [04:03<03:09, 18.91s/it]Task 9, Epoch 11/20 => Loss 0.288, Train_accy 74.88, Test_accy 77.95:  55%|█████▌    | 11/20 [04:03<03:33, 23.72s/it]Task 9, Epoch 12/20 => Loss 0.223, Train_accy 76.65:  55%|█████▌    | 11/20 [04:20<03:33, 23.72s/it]                 Task 9, Epoch 12/20 => Loss 0.223, Train_accy 76.65:  60%|██████    | 12/20 [04:20<02:54, 21.77s/it]Task 9, Epoch 13/20 => Loss 0.232, Train_accy 76.37:  60%|██████    | 12/20 [04:37<02:54, 21.77s/it]Task 9, Epoch 13/20 => Loss 0.232, Train_accy 76.37:  65%|██████▌   | 13/20 [04:37<02:22, 20.41s/it]Task 9, Epoch 14/20 => Loss 0.226, Train_accy 76.17:  65%|██████▌   | 13/20 [04:55<02:22, 20.41s/it]Task 9, Epoch 14/20 => Loss 0.226, Train_accy 76.17:  70%|███████   | 14/20 [04:55<01:57, 19.53s/it]Task 9, Epoch 15/20 => Loss 0.209, Train_accy 76.33:  70%|███████   | 14/20 [05:12<01:57, 19.53s/it]Task 9, Epoch 15/20 => Loss 0.209, Train_accy 76.33:  75%|███████▌  | 15/20 [05:12<01:34, 18.89s/it]Task 9, Epoch 16/20 => Loss 0.220, Train_accy 77.66, Test_accy 77.70:  75%|███████▌  | 15/20 [05:47<01:34, 18.89s/it]Task 9, Epoch 16/20 => Loss 0.220, Train_accy 77.66, Test_accy 77.70:  80%|████████  | 16/20 [05:47<01:34, 23.57s/it]Task 9, Epoch 17/20 => Loss 0.211, Train_accy 78.14:  80%|████████  | 16/20 [06:04<01:34, 23.57s/it]                 Task 9, Epoch 17/20 => Loss 0.211, Train_accy 78.14:  85%|████████▌ | 17/20 [06:04<01:05, 21.75s/it]Task 9, Epoch 18/20 => Loss 0.226, Train_accy 78.34:  85%|████████▌ | 17/20 [06:22<01:05, 21.75s/it]Task 9, Epoch 18/20 => Loss 0.226, Train_accy 78.34:  90%|█████████ | 18/20 [06:22<00:40, 20.43s/it]Task 9, Epoch 19/20 => Loss 0.177, Train_accy 79.59:  90%|█████████ | 18/20 [06:39<00:40, 20.43s/it]Task 9, Epoch 19/20 => Loss 0.177, Train_accy 79.59:  95%|█████████▌| 19/20 [06:39<00:19, 19.52s/it]Task 9, Epoch 20/20 => Loss 0.216, Train_accy 77.98:  95%|█████████▌| 19/20 [06:56<00:19, 19.52s/it]Task 9, Epoch 20/20 => Loss 0.216, Train_accy 77.98: 100%|██████████| 20/20 [06:56<00:00, 18.86s/it]Task 9, Epoch 20/20 => Loss 0.216, Train_accy 77.98: 100%|██████████| 20/20 [06:56<00:00, 20.84s/it]
2026-02-14 18:15:03,193 [sdlora.py] => Task 9, Epoch 20/20 => Loss 0.216, Train_accy 77.98
2026-02-14 18:15:04,008 [sdlora.py] => Saved task checkpoint to: ./checkpoints/ImageNetR3/ckpt_task_9.pt
2026-02-14 18:15:21,124 [trainer.py] => No NME accuracy.
2026-02-14 18:15:21,124 [trainer.py] => CNN: {'total': np.float64(77.75), '00-19': np.float64(73.41), '20-39': np.float64(76.84), '40-59': np.float64(76.85), '60-79': np.float64(71.34), '80-99': np.float64(77.11), '100-119': np.float64(85.43), '120-139': np.float64(79.6), '140-159': np.float64(80.97), '160-179': np.float64(73.86), '180-199': np.float64(83.5), 'old': np.float64(77.12), 'new': np.float64(83.5)}
2026-02-14 18:15:21,124 [trainer.py] => CNN top1 curve: [np.float64(90.64), np.float64(89.0), np.float64(85.58), np.float64(82.14), np.float64(80.67), np.float64(80.38), np.float64(79.65), np.float64(79.32), np.float64(77.42), np.float64(77.75)]
2026-02-14 18:15:21,124 [trainer.py] => CNN top5 curve: [np.float64(98.69), np.float64(96.98), np.float64(95.15), np.float64(94.19), np.float64(93.07), np.float64(92.26), np.float64(92.1), np.float64(92.26), np.float64(91.02), np.float64(91.18)]

Average Accuracy (CNN): 82.25499999999998
2026-02-14 18:15:21,124 [trainer.py] => Average Accuracy (CNN): 82.25499999999998 

Accuracy Matrix (CNN):
[[90.64 87.08 83.52 80.71 80.15 75.66 75.47 74.53 73.03 73.41]
 [ 0.   90.84 88.87 86.   83.48 87.98 88.52 87.61 86.16 85.43]
 [ 0.    0.   84.41 82.32 80.71 81.51 81.75 81.13 81.13 79.6 ]
 [ 0.    0.    0.   79.78 78.03 79.9  79.53 83.74 83.04 80.97]
 [ 0.    0.    0.    0.   81.32 76.75 78.78 79.35 73.59 73.86]
 [ 0.    0.    0.    0.    0.   80.95 74.04 77.49 75.94 83.5 ]
 [ 0.    0.    0.    0.    0.    0.   79.85 72.93 77.01 76.84]
 [ 0.    0.    0.    0.    0.    0.    0.   78.21 71.82 76.85]
 [ 0.    0.    0.    0.    0.    0.    0.    0.   76.19 71.34]
 [ 0.    0.    0.    0.    0.    0.    0.    0.    0.   77.11]]
2026-02-14 18:15:21,125 [trainer.py] => Forgetting (CNN): 5.211111111111109
devices_type ['0']
2026-02-14 18:15:21,135 [trainer.py] => config: ./exps/sdlora_inr.json
2026-02-14 18:15:21,135 [trainer.py] => seed: 1998
2026-02-14 18:15:21,135 [trainer.py] => prefix: reproduce
2026-02-14 18:15:21,135 [trainer.py] => dataset: imagenetr
2026-02-14 18:15:21,136 [trainer.py] => memory_size: 0
2026-02-14 18:15:21,136 [trainer.py] => memory_per_class: 0
2026-02-14 18:15:21,136 [trainer.py] => fixed_memory: False
2026-02-14 18:15:21,136 [trainer.py] => shuffle: True
2026-02-14 18:15:21,136 [trainer.py] => init_cls: 20
2026-02-14 18:15:21,136 [trainer.py] => increment: 20
2026-02-14 18:15:21,136 [trainer.py] => model_name: sdlora
2026-02-14 18:15:21,136 [trainer.py] => backbone_type: vit_base_patch16_224
2026-02-14 18:15:21,136 [trainer.py] => device: [device(type='cuda', index=0)]
2026-02-14 18:15:21,136 [trainer.py] => optimizer: adam
2026-02-14 18:15:21,136 [trainer.py] => scheduler: constant
2026-02-14 18:15:21,136 [trainer.py] => filepath: ./checkpoints/ImageNetR3/
2026-02-14 18:15:21,136 [trainer.py] => init_epoch: 20
2026-02-14 18:15:21,136 [trainer.py] => init_lr: 0.01
2026-02-14 18:15:21,136 [trainer.py] => init_milestones: [10000]
2026-02-14 18:15:21,136 [trainer.py] => init_lr_decay: 0
2026-02-14 18:15:21,136 [trainer.py] => init_weight_decay: 0.0005
2026-02-14 18:15:21,136 [trainer.py] => epochs: 20
2026-02-14 18:15:21,136 [trainer.py] => lrate: 0.01
2026-02-14 18:15:21,136 [trainer.py] => milestones: [10000]
2026-02-14 18:15:21,136 [trainer.py] => lrate_decay: 0
2026-02-14 18:15:21,136 [trainer.py] => batch_size: 128
2026-02-14 18:15:21,136 [trainer.py] => weight_decay: 0.0002
2026-02-14 18:15:21,136 [trainer.py] => nb_classes: 200
2026-02-14 18:15:21,136 [trainer.py] => nb_tasks: 10
2026-02-14 18:15:21,184 [data_manager.py] => [16, 54, 10, 29, 92, 93, 25, 69, 118, 7, 197, 192, 43, 163, 106, 87, 88, 97, 190, 31, 48, 119, 133, 46, 198, 50, 193, 153, 27, 146, 28, 49, 140, 39, 120, 94, 130, 5, 121, 91, 60, 178, 42, 128, 149, 102, 186, 2, 158, 101, 196, 90, 174, 152, 187, 33, 63, 20, 104, 23, 19, 15, 183, 59, 107, 159, 12, 65, 117, 70, 78, 96, 139, 147, 68, 114, 26, 116, 22, 103, 67, 172, 111, 110, 98, 122, 83, 132, 109, 151, 162, 154, 44, 156, 38, 155, 165, 58, 57, 167, 189, 52, 99, 123, 13, 8, 170, 142, 125, 180, 82, 145, 40, 124, 141, 11, 137, 182, 199, 173, 30, 56, 74, 85, 18, 84, 1, 184, 179, 45, 143, 80, 188, 14, 73, 150, 61, 112, 77, 32, 51, 0, 62, 115, 113, 36, 148, 157, 138, 171, 166, 181, 168, 86, 131, 100, 81, 64, 195, 176, 95, 53, 175, 89, 9, 71, 47, 105, 34, 17, 41, 169, 76, 55, 24, 126, 3, 35, 21, 37, 144, 108, 127, 191, 66, 134, 79, 136, 4, 194, 75, 135, 177, 6, 164, 185, 160, 129, 161, 72]
!!!!!!! multiple_gpus [device(type='cuda', index=0)]
This is for the BaseNet initialization.
2026-02-14 18:15:22,072 [_builder.py] => Loading pretrained weights from Hugging Face hub (timm/vit_base_patch16_224.augreg2_in21k_ft_in1k)
2026-02-14 18:15:22,073 [_hub.py] => [timm/vit_base_patch16_224.augreg2_in21k_ft_in1k] Safe alternative available for 'pytorch_model.bin' (as 'model.safetensors'). Loading weights using safetensors.
save_file ./checkpoints/ImageNetR3/
Initialize task-id and curtask id
After BaseNet initialization.
task 0
2026-02-14 18:15:22,327 [trainer.py] => All params: 171965973
2026-02-14 18:15:22,328 [trainer.py] => Trainable params: 368661
2026-02-14 18:15:22,328 [sdlora.py] => Learning on 0-20
  0%|          | 0/20 [00:00<?, ?it/s]Task 0, Epoch 1/20 => Loss 2.041, Train_accy 45.36, Test_accy 78.68:   0%|          | 0/20 [00:10<?, ?it/s]Task 0, Epoch 1/20 => Loss 2.041, Train_accy 45.36, Test_accy 78.68:   5%|▌         | 1/20 [00:10<03:26, 10.87s/it]Task 0, Epoch 2/20 => Loss 0.791, Train_accy 76.50:   5%|▌         | 1/20 [00:19<03:26, 10.87s/it]                 Task 0, Epoch 2/20 => Loss 0.791, Train_accy 76.50:  10%|█         | 2/20 [00:19<02:54,  9.72s/it]Task 0, Epoch 3/20 => Loss 0.623, Train_accy 81.61:  10%|█         | 2/20 [00:28<02:54,  9.72s/it]Task 0, Epoch 3/20 => Loss 0.623, Train_accy 81.61:  15%|█▌        | 3/20 [00:28<02:38,  9.34s/it]Task 0, Epoch 4/20 => Loss 0.548, Train_accy 84.76:  15%|█▌        | 3/20 [00:37<02:38,  9.34s/it]Task 0, Epoch 4/20 => Loss 0.548, Train_accy 84.76:  20%|██        | 4/20 [00:37<02:26,  9.15s/it]Task 0, Epoch 5/20 => Loss 0.466, Train_accy 87.03:  20%|██        | 4/20 [00:46<02:26,  9.15s/it]Task 0, Epoch 5/20 => Loss 0.466, Train_accy 87.03:  25%|██▌       | 5/20 [00:46<02:15,  9.06s/it]Task 0, Epoch 6/20 => Loss 0.457, Train_accy 86.05, Test_accy 90.99:  25%|██▌       | 5/20 [00:57<02:15,  9.06s/it]Task 0, Epoch 6/20 => Loss 0.457, Train_accy 86.05, Test_accy 90.99:  30%|███       | 6/20 [00:57<02:15,  9.68s/it]Task 0, Epoch 7/20 => Loss 0.366, Train_accy 88.89:  30%|███       | 6/20 [01:06<02:15,  9.68s/it]                 Task 0, Epoch 7/20 => Loss 0.366, Train_accy 88.89:  35%|███▌      | 7/20 [01:06<02:02,  9.43s/it]Task 0, Epoch 8/20 => Loss 0.320, Train_accy 90.67:  35%|███▌      | 7/20 [01:15<02:02,  9.43s/it]Task 0, Epoch 8/20 => Loss 0.320, Train_accy 90.67:  40%|████      | 8/20 [01:15<01:51,  9.29s/it]Task 0, Epoch 9/20 => Loss 0.367, Train_accy 89.16:  40%|████      | 8/20 [01:24<01:51,  9.29s/it]Task 0, Epoch 9/20 => Loss 0.367, Train_accy 89.16:  45%|████▌     | 9/20 [01:24<01:40,  9.17s/it]Task 0, Epoch 10/20 => Loss 0.322, Train_accy 90.27:  45%|████▌     | 9/20 [01:33<01:40,  9.17s/it]Task 0, Epoch 10/20 => Loss 0.322, Train_accy 90.27:  50%|█████     | 10/20 [01:33<01:30,  9.09s/it]Task 0, Epoch 11/20 => Loss 0.305, Train_accy 91.03, Test_accy 92.28:  50%|█████     | 10/20 [01:43<01:30,  9.09s/it]Task 0, Epoch 11/20 => Loss 0.305, Train_accy 91.03, Test_accy 92.28:  55%|█████▌    | 11/20 [01:43<01:26,  9.64s/it]Task 0, Epoch 12/20 => Loss 0.287, Train_accy 91.69:  55%|█████▌    | 11/20 [01:52<01:26,  9.64s/it]                 Task 0, Epoch 12/20 => Loss 0.287, Train_accy 91.69:  60%|██████    | 12/20 [01:52<01:15,  9.40s/it]Task 0, Epoch 13/20 => Loss 0.280, Train_accy 91.60:  60%|██████    | 12/20 [02:01<01:15,  9.40s/it]Task 0, Epoch 13/20 => Loss 0.280, Train_accy 91.60:  65%|██████▌   | 13/20 [02:01<01:04,  9.25s/it]Task 0, Epoch 14/20 => Loss 0.286, Train_accy 92.54:  65%|██████▌   | 13/20 [02:10<01:04,  9.25s/it]Task 0, Epoch 14/20 => Loss 0.286, Train_accy 92.54:  70%|███████   | 14/20 [02:10<00:54,  9.14s/it]Task 0, Epoch 15/20 => Loss 0.240, Train_accy 93.29:  70%|███████   | 14/20 [02:19<00:54,  9.14s/it]Task 0, Epoch 15/20 => Loss 0.240, Train_accy 93.29:  75%|███████▌  | 15/20 [02:19<00:45,  9.05s/it]Task 0, Epoch 16/20 => Loss 0.255, Train_accy 92.45, Test_accy 90.99:  75%|███████▌  | 15/20 [02:30<00:45,  9.05s/it]Task 0, Epoch 16/20 => Loss 0.255, Train_accy 92.45, Test_accy 90.99:  80%|████████  | 16/20 [02:30<00:38,  9.58s/it]Task 0, Epoch 17/20 => Loss 0.266, Train_accy 92.31:  80%|████████  | 16/20 [02:39<00:38,  9.58s/it]                 Task 0, Epoch 17/20 => Loss 0.266, Train_accy 92.31:  85%|████████▌ | 17/20 [02:39<00:28,  9.37s/it]Task 0, Epoch 18/20 => Loss 0.260, Train_accy 92.40:  85%|████████▌ | 17/20 [02:48<00:28,  9.37s/it]Task 0, Epoch 18/20 => Loss 0.260, Train_accy 92.40:  90%|█████████ | 18/20 [02:48<00:18,  9.23s/it]Task 0, Epoch 19/20 => Loss 0.236, Train_accy 93.65:  90%|█████████ | 18/20 [02:56<00:18,  9.23s/it]Task 0, Epoch 19/20 => Loss 0.236, Train_accy 93.65:  95%|█████████▌| 19/20 [02:56<00:09,  9.12s/it]Task 0, Epoch 20/20 => Loss 0.237, Train_accy 92.89:  95%|█████████▌| 19/20 [03:05<00:09,  9.12s/it]Task 0, Epoch 20/20 => Loss 0.237, Train_accy 92.89: 100%|██████████| 20/20 [03:05<00:00,  9.12s/it]Task 0, Epoch 20/20 => Loss 0.237, Train_accy 92.89: 100%|██████████| 20/20 [03:05<00:00,  9.30s/it]
2026-02-14 18:18:28,357 [sdlora.py] => Task 0, Epoch 20/20 => Loss 0.237, Train_accy 92.89
2026-02-14 18:18:29,311 [sdlora.py] => Saved task checkpoint to: ./checkpoints/ImageNetR3/ckpt_task_0.pt
2026-02-14 18:18:31,244 [trainer.py] => No NME accuracy.
2026-02-14 18:18:31,244 [trainer.py] => CNN: {'total': np.float64(90.81), '00-19': np.float64(90.81), 'old': 0, 'new': np.float64(90.81)}
2026-02-14 18:18:31,244 [trainer.py] => CNN top1 curve: [np.float64(90.81)]
2026-02-14 18:18:31,244 [trainer.py] => CNN top5 curve: [np.float64(98.53)]

Average Accuracy (CNN): 90.81
2026-02-14 18:18:31,244 [trainer.py] => Average Accuracy (CNN): 90.81 

task 1
2026-02-14 18:18:31,245 [trainer.py] => All params: 171981353
2026-02-14 18:18:31,246 [trainer.py] => Trainable params: 384041
2026-02-14 18:18:31,247 [sdlora.py] => Learning on 20-40
2026-02-14 18:18:32,256 [_builder.py] => Loading pretrained weights from Hugging Face hub (timm/vit_base_patch16_224.augreg2_in21k_ft_in1k)
2026-02-14 18:18:32,258 [_hub.py] => [timm/vit_base_patch16_224.augreg2_in21k_ft_in1k] Safe alternative available for 'pytorch_model.bin' (as 'model.safetensors'). Loading weights using safetensors.
save_file ./checkpoints/ImageNetR3/
  0%|          | 0/20 [00:00<?, ?it/s]Task 1, Epoch 1/20 => Loss 1.980, Train_accy 29.17, Test_accy 81.30:   0%|          | 0/20 [00:12<?, ?it/s]Task 1, Epoch 1/20 => Loss 1.980, Train_accy 29.17, Test_accy 81.30:   5%|▌         | 1/20 [00:12<03:51, 12.17s/it]Task 1, Epoch 2/20 => Loss 0.984, Train_accy 69.41:   5%|▌         | 1/20 [00:21<03:51, 12.17s/it]                 Task 1, Epoch 2/20 => Loss 0.984, Train_accy 69.41:  10%|█         | 2/20 [00:21<03:07, 10.44s/it]Task 1, Epoch 3/20 => Loss 0.845, Train_accy 75.65:  10%|█         | 2/20 [00:30<03:07, 10.44s/it]Task 1, Epoch 3/20 => Loss 0.845, Train_accy 75.65:  15%|█▌        | 3/20 [00:30<02:48,  9.90s/it]Task 1, Epoch 4/20 => Loss 0.596, Train_accy 81.35:  15%|█▌        | 3/20 [00:39<02:48,  9.90s/it]Task 1, Epoch 4/20 => Loss 0.596, Train_accy 81.35:  20%|██        | 4/20 [00:39<02:34,  9.66s/it]Task 1, Epoch 5/20 => Loss 0.553, Train_accy 81.99:  20%|██        | 4/20 [00:49<02:34,  9.66s/it]Task 1, Epoch 5/20 => Loss 0.553, Train_accy 81.99:  25%|██▌       | 5/20 [00:49<02:23,  9.55s/it]Task 1, Epoch 6/20 => Loss 0.461, Train_accy 82.73, Test_accy 88.16:  25%|██▌       | 5/20 [01:01<02:23,  9.55s/it]Task 1, Epoch 6/20 => Loss 0.461, Train_accy 82.73, Test_accy 88.16:  30%|███       | 6/20 [01:01<02:26, 10.45s/it]Task 1, Epoch 7/20 => Loss 0.435, Train_accy 83.69:  30%|███       | 6/20 [01:10<02:26, 10.45s/it]                 Task 1, Epoch 7/20 => Loss 0.435, Train_accy 83.69:  35%|███▌      | 7/20 [01:10<02:11, 10.08s/it]Task 1, Epoch 8/20 => Loss 0.436, Train_accy 85.03:  35%|███▌      | 7/20 [01:20<02:11, 10.08s/it]Task 1, Epoch 8/20 => Loss 0.436, Train_accy 85.03:  40%|████      | 8/20 [01:20<01:57,  9.82s/it]Task 1, Epoch 9/20 => Loss 0.751, Train_accy 78.23:  40%|████      | 8/20 [01:29<01:57,  9.82s/it]Task 1, Epoch 9/20 => Loss 0.751, Train_accy 78.23:  45%|████▌     | 9/20 [01:29<01:46,  9.70s/it]Task 1, Epoch 10/20 => Loss 0.522, Train_accy 83.33:  45%|████▌     | 9/20 [01:38<01:46,  9.70s/it]Task 1, Epoch 10/20 => Loss 0.522, Train_accy 83.33:  50%|█████     | 10/20 [01:38<01:36,  9.61s/it]Task 1, Epoch 11/20 => Loss 0.472, Train_accy 84.24, Test_accy 88.16:  50%|█████     | 10/20 [01:51<01:36,  9.61s/it]Task 1, Epoch 11/20 => Loss 0.472, Train_accy 84.24, Test_accy 88.16:  55%|█████▌    | 11/20 [01:51<01:33, 10.44s/it]Task 1, Epoch 12/20 => Loss 0.431, Train_accy 85.53:  55%|█████▌    | 11/20 [02:00<01:33, 10.44s/it]                 Task 1, Epoch 12/20 => Loss 0.431, Train_accy 85.53:  60%|██████    | 12/20 [02:00<01:20, 10.09s/it]Task 1, Epoch 13/20 => Loss 0.423, Train_accy 85.62:  60%|██████    | 12/20 [02:09<01:20, 10.09s/it]Task 1, Epoch 13/20 => Loss 0.423, Train_accy 85.62:  65%|██████▌   | 13/20 [02:09<01:08,  9.86s/it]Task 1, Epoch 14/20 => Loss 0.338, Train_accy 87.46:  65%|██████▌   | 13/20 [02:19<01:08,  9.86s/it]Task 1, Epoch 14/20 => Loss 0.338, Train_accy 87.46:  70%|███████   | 14/20 [02:19<00:58,  9.74s/it]Task 1, Epoch 15/20 => Loss 0.643, Train_accy 86.31:  70%|███████   | 14/20 [02:28<00:58,  9.74s/it]Task 1, Epoch 15/20 => Loss 0.643, Train_accy 86.31:  75%|███████▌  | 15/20 [02:28<00:48,  9.65s/it]Task 1, Epoch 16/20 => Loss 0.778, Train_accy 81.90, Test_accy 86.20:  75%|███████▌  | 15/20 [02:41<00:48,  9.65s/it]Task 1, Epoch 16/20 => Loss 0.778, Train_accy 81.90, Test_accy 86.20:  80%|████████  | 16/20 [02:41<00:41, 10.50s/it]Task 1, Epoch 17/20 => Loss 0.515, Train_accy 85.16:  80%|████████  | 16/20 [02:50<00:41, 10.50s/it]                 Task 1, Epoch 17/20 => Loss 0.515, Train_accy 85.16:  85%|████████▌ | 17/20 [02:50<00:30, 10.16s/it]Task 1, Epoch 18/20 => Loss 0.659, Train_accy 86.91:  85%|████████▌ | 17/20 [02:59<00:30, 10.16s/it]Task 1, Epoch 18/20 => Loss 0.659, Train_accy 86.91:  90%|█████████ | 18/20 [02:59<00:19,  9.90s/it]Task 1, Epoch 19/20 => Loss 1.346, Train_accy 66.01:  90%|█████████ | 18/20 [03:09<00:19,  9.90s/it]Task 1, Epoch 19/20 => Loss 1.346, Train_accy 66.01:  95%|█████████▌| 19/20 [03:09<00:09,  9.80s/it]Task 1, Epoch 20/20 => Loss 0.548, Train_accy 83.92:  95%|█████████▌| 19/20 [03:18<00:09,  9.80s/it]Task 1, Epoch 20/20 => Loss 0.548, Train_accy 83.92: 100%|██████████| 20/20 [03:18<00:00,  9.69s/it]Task 1, Epoch 20/20 => Loss 0.548, Train_accy 83.92: 100%|██████████| 20/20 [03:18<00:00,  9.95s/it]
2026-02-14 18:21:51,402 [sdlora.py] => Task 1, Epoch 20/20 => Loss 0.548, Train_accy 83.92
2026-02-14 18:21:52,282 [sdlora.py] => Saved task checkpoint to: ./checkpoints/ImageNetR3/ckpt_task_1.pt
2026-02-14 18:21:55,217 [trainer.py] => No NME accuracy.
2026-02-14 18:21:55,217 [trainer.py] => CNN: {'total': np.float64(83.79), '00-19': np.float64(76.47), '20-39': np.float64(90.67), 'old': np.float64(76.47), 'new': np.float64(90.67)}
2026-02-14 18:21:55,217 [trainer.py] => CNN top1 curve: [np.float64(90.81), np.float64(83.79)]
2026-02-14 18:21:55,217 [trainer.py] => CNN top5 curve: [np.float64(98.53), np.float64(95.73)]

Average Accuracy (CNN): 87.30000000000001
2026-02-14 18:21:55,217 [trainer.py] => Average Accuracy (CNN): 87.30000000000001 

task 2
2026-02-14 18:21:55,219 [trainer.py] => All params: 171996733
2026-02-14 18:21:55,219 [trainer.py] => Trainable params: 399421
2026-02-14 18:21:55,220 [sdlora.py] => Learning on 40-60
2026-02-14 18:21:56,139 [_builder.py] => Loading pretrained weights from Hugging Face hub (timm/vit_base_patch16_224.augreg2_in21k_ft_in1k)
2026-02-14 18:21:56,141 [_hub.py] => [timm/vit_base_patch16_224.augreg2_in21k_ft_in1k] Safe alternative available for 'pytorch_model.bin' (as 'model.safetensors'). Loading weights using safetensors.
save_file ./checkpoints/ImageNetR3/
  0%|          | 0/20 [00:00<?, ?it/s]Task 2, Epoch 1/20 => Loss 1.991, Train_accy 15.81, Test_accy 68.52:   0%|          | 0/20 [00:15<?, ?it/s]Task 2, Epoch 1/20 => Loss 1.991, Train_accy 15.81, Test_accy 68.52:   5%|▌         | 1/20 [00:15<05:02, 15.91s/it]Task 2, Epoch 2/20 => Loss 0.850, Train_accy 48.73:   5%|▌         | 1/20 [00:27<05:02, 15.91s/it]                 Task 2, Epoch 2/20 => Loss 0.850, Train_accy 48.73:  10%|█         | 2/20 [00:27<04:03, 13.52s/it]Task 2, Epoch 3/20 => Loss 0.649, Train_accy 55.20:  10%|█         | 2/20 [00:39<04:03, 13.52s/it]Task 2, Epoch 3/20 => Loss 0.649, Train_accy 55.20:  15%|█▌        | 3/20 [00:39<03:36, 12.75s/it]Task 2, Epoch 4/20 => Loss 0.628, Train_accy 57.32:  15%|█▌        | 3/20 [00:51<03:36, 12.75s/it]Task 2, Epoch 4/20 => Loss 0.628, Train_accy 57.32:  20%|██        | 4/20 [00:51<03:17, 12.37s/it]Task 2, Epoch 5/20 => Loss 0.546, Train_accy 59.71:  20%|██        | 4/20 [01:03<03:17, 12.37s/it]Task 2, Epoch 5/20 => Loss 0.546, Train_accy 59.71:  25%|██▌       | 5/20 [01:03<03:02, 12.16s/it]Task 2, Epoch 6/20 => Loss 0.495, Train_accy 59.18, Test_accy 76.76:  25%|██▌       | 5/20 [01:19<03:02, 12.16s/it]Task 2, Epoch 6/20 => Loss 0.495, Train_accy 59.18, Test_accy 76.76:  30%|███       | 6/20 [01:19<03:08, 13.48s/it]Task 2, Epoch 7/20 => Loss 0.492, Train_accy 60.22:  30%|███       | 6/20 [01:31<03:08, 13.48s/it]                 Task 2, Epoch 7/20 => Loss 0.492, Train_accy 60.22:  35%|███▌      | 7/20 [01:31<02:48, 12.94s/it]Task 2, Epoch 8/20 => Loss 0.431, Train_accy 59.64:  35%|███▌      | 7/20 [01:42<02:48, 12.94s/it]Task 2, Epoch 8/20 => Loss 0.431, Train_accy 59.64:  40%|████      | 8/20 [01:42<02:30, 12.56s/it]Task 2, Epoch 9/20 => Loss 0.402, Train_accy 60.22:  40%|████      | 8/20 [01:54<02:30, 12.56s/it]Task 2, Epoch 9/20 => Loss 0.402, Train_accy 60.22:  45%|████▌     | 9/20 [01:54<02:15, 12.30s/it]Task 2, Epoch 10/20 => Loss 0.421, Train_accy 59.95:  45%|████▌     | 9/20 [02:06<02:15, 12.30s/it]Task 2, Epoch 10/20 => Loss 0.421, Train_accy 59.95:  50%|█████     | 10/20 [02:06<02:02, 12.27s/it]Task 2, Epoch 11/20 => Loss 0.392, Train_accy 60.18, Test_accy 74.15:  50%|█████     | 10/20 [02:23<02:02, 12.27s/it]Task 2, Epoch 11/20 => Loss 0.392, Train_accy 60.18, Test_accy 74.15:  55%|█████▌    | 11/20 [02:23<02:01, 13.51s/it]Task 2, Epoch 12/20 => Loss 0.394, Train_accy 60.49:  55%|█████▌    | 11/20 [02:34<02:01, 13.51s/it]                 Task 2, Epoch 12/20 => Loss 0.394, Train_accy 60.49:  60%|██████    | 12/20 [02:34<01:43, 12.99s/it]Task 2, Epoch 13/20 => Loss 0.367, Train_accy 59.95:  60%|██████    | 12/20 [02:46<01:43, 12.99s/it]Task 2, Epoch 13/20 => Loss 0.367, Train_accy 59.95:  65%|██████▌   | 13/20 [02:46<01:28, 12.62s/it]Task 2, Epoch 14/20 => Loss 0.390, Train_accy 59.29:  65%|██████▌   | 13/20 [02:58<01:28, 12.62s/it]Task 2, Epoch 14/20 => Loss 0.390, Train_accy 59.29:  70%|███████   | 14/20 [02:58<01:14, 12.36s/it]Task 2, Epoch 15/20 => Loss 0.326, Train_accy 61.22:  70%|███████   | 14/20 [03:10<01:14, 12.36s/it]Task 2, Epoch 15/20 => Loss 0.326, Train_accy 61.22:  75%|███████▌  | 15/20 [03:10<01:00, 12.19s/it]Task 2, Epoch 16/20 => Loss 0.359, Train_accy 59.33, Test_accy 72.56:  75%|███████▌  | 15/20 [03:26<01:00, 12.19s/it]Task 2, Epoch 16/20 => Loss 0.359, Train_accy 59.33, Test_accy 72.56:  80%|████████  | 16/20 [03:26<00:53, 13.35s/it]Task 2, Epoch 17/20 => Loss 0.292, Train_accy 61.64:  80%|████████  | 16/20 [03:37<00:53, 13.35s/it]                 Task 2, Epoch 17/20 => Loss 0.292, Train_accy 61.64:  85%|████████▌ | 17/20 [03:37<00:38, 12.88s/it]Task 2, Epoch 18/20 => Loss 0.358, Train_accy 59.60:  85%|████████▌ | 17/20 [03:49<00:38, 12.88s/it]Task 2, Epoch 18/20 => Loss 0.358, Train_accy 59.60:  90%|█████████ | 18/20 [03:49<00:25, 12.59s/it]Task 2, Epoch 19/20 => Loss 0.330, Train_accy 60.18:  90%|█████████ | 18/20 [04:01<00:25, 12.59s/it]Task 2, Epoch 19/20 => Loss 0.330, Train_accy 60.18:  95%|█████████▌| 19/20 [04:01<00:12, 12.35s/it]Task 2, Epoch 20/20 => Loss 0.314, Train_accy 61.68:  95%|█████████▌| 19/20 [04:13<00:12, 12.35s/it]Task 2, Epoch 20/20 => Loss 0.314, Train_accy 61.68: 100%|██████████| 20/20 [04:13<00:00, 12.17s/it]Task 2, Epoch 20/20 => Loss 0.314, Train_accy 61.68: 100%|██████████| 20/20 [04:13<00:00, 12.67s/it]
2026-02-14 18:26:09,730 [sdlora.py] => Task 2, Epoch 20/20 => Loss 0.314, Train_accy 61.68
2026-02-14 18:26:10,615 [sdlora.py] => Saved task checkpoint to: ./checkpoints/ImageNetR3/ckpt_task_2.pt
2026-02-14 18:26:14,761 [trainer.py] => No NME accuracy.
2026-02-14 18:26:14,761 [trainer.py] => CNN: {'total': np.float64(74.03), '00-19': np.float64(70.04), '20-39': np.float64(84.97), '40-59': np.float64(67.5), 'old': np.float64(77.74), 'new': np.float64(67.5)}
2026-02-14 18:26:14,761 [trainer.py] => CNN top1 curve: [np.float64(90.81), np.float64(83.79), np.float64(74.03)]
2026-02-14 18:26:14,761 [trainer.py] => CNN top5 curve: [np.float64(98.53), np.float64(95.73), np.float64(94.43)]

Average Accuracy (CNN): 82.87666666666668
2026-02-14 18:26:14,761 [trainer.py] => Average Accuracy (CNN): 82.87666666666668 

task 3
2026-02-14 18:26:14,763 [trainer.py] => All params: 172012113
2026-02-14 18:26:14,763 [trainer.py] => Trainable params: 414801
2026-02-14 18:26:14,764 [sdlora.py] => Learning on 60-80
2026-02-14 18:26:15,464 [_builder.py] => Loading pretrained weights from Hugging Face hub (timm/vit_base_patch16_224.augreg2_in21k_ft_in1k)
2026-02-14 18:26:15,465 [_hub.py] => [timm/vit_base_patch16_224.augreg2_in21k_ft_in1k] Safe alternative available for 'pytorch_model.bin' (as 'model.safetensors'). Loading weights using safetensors.
save_file ./checkpoints/ImageNetR3/
  0%|          | 0/20 [00:00<?, ?it/s]Task 3, Epoch 1/20 => Loss 1.809, Train_accy 17.51, Test_accy 69.44:   0%|          | 0/20 [00:18<?, ?it/s]Task 3, Epoch 1/20 => Loss 1.809, Train_accy 17.51, Test_accy 69.44:   5%|▌         | 1/20 [00:18<05:44, 18.15s/it]Task 3, Epoch 2/20 => Loss 0.608, Train_accy 50.21:   5%|▌         | 1/20 [00:30<05:44, 18.15s/it]                 Task 3, Epoch 2/20 => Loss 0.608, Train_accy 50.21:  10%|█         | 2/20 [00:30<04:27, 14.86s/it]Task 3, Epoch 3/20 => Loss 0.478, Train_accy 57.33:  10%|█         | 2/20 [00:43<04:27, 14.86s/it]Task 3, Epoch 3/20 => Loss 0.478, Train_accy 57.33:  15%|█▌        | 3/20 [00:43<03:54, 13.81s/it]Task 3, Epoch 4/20 => Loss 0.457, Train_accy 58.73:  15%|█▌        | 3/20 [00:55<03:54, 13.81s/it]Task 3, Epoch 4/20 => Loss 0.457, Train_accy 58.73:  20%|██        | 4/20 [00:55<03:33, 13.34s/it]Task 3, Epoch 5/20 => Loss 0.393, Train_accy 60.69:  20%|██        | 4/20 [01:08<03:33, 13.34s/it]Task 3, Epoch 5/20 => Loss 0.393, Train_accy 60.69:  25%|██▌       | 5/20 [01:08<03:16, 13.08s/it]Task 3, Epoch 6/20 => Loss 0.365, Train_accy 60.61, Test_accy 74.13:  25%|██▌       | 5/20 [01:26<03:16, 13.08s/it]Task 3, Epoch 6/20 => Loss 0.365, Train_accy 60.61, Test_accy 74.13:  30%|███       | 6/20 [01:26<03:26, 14.77s/it]Task 3, Epoch 7/20 => Loss 0.360, Train_accy 59.63:  30%|███       | 6/20 [01:39<03:26, 14.77s/it]                 Task 3, Epoch 7/20 => Loss 0.360, Train_accy 59.63:  35%|███▌      | 7/20 [01:39<03:02, 14.03s/it]Task 3, Epoch 8/20 => Loss 0.355, Train_accy 59.09:  35%|███▌      | 7/20 [01:51<03:02, 14.03s/it]Task 3, Epoch 8/20 => Loss 0.355, Train_accy 59.09:  40%|████      | 8/20 [01:51<02:42, 13.55s/it]Task 3, Epoch 9/20 => Loss 0.329, Train_accy 60.14:  40%|████      | 8/20 [02:04<02:42, 13.55s/it]Task 3, Epoch 9/20 => Loss 0.329, Train_accy 60.14:  45%|████▌     | 9/20 [02:04<02:25, 13.24s/it]Task 3, Epoch 10/20 => Loss 0.350, Train_accy 59.55:  45%|████▌     | 9/20 [02:16<02:25, 13.24s/it]Task 3, Epoch 10/20 => Loss 0.350, Train_accy 59.55:  50%|█████     | 10/20 [02:16<02:10, 13.09s/it]Task 3, Epoch 11/20 => Loss 0.295, Train_accy 62.64, Test_accy 73.37:  50%|█████     | 10/20 [02:35<02:10, 13.09s/it]Task 3, Epoch 11/20 => Loss 0.295, Train_accy 62.64, Test_accy 73.37:  55%|█████▌    | 11/20 [02:35<02:11, 14.64s/it]Task 3, Epoch 12/20 => Loss 0.321, Train_accy 59.98:  55%|█████▌    | 11/20 [02:47<02:11, 14.64s/it]                 Task 3, Epoch 12/20 => Loss 0.321, Train_accy 59.98:  60%|██████    | 12/20 [02:47<01:51, 14.00s/it]Task 3, Epoch 13/20 => Loss 0.323, Train_accy 60.45:  60%|██████    | 12/20 [03:00<01:51, 14.00s/it]Task 3, Epoch 13/20 => Loss 0.323, Train_accy 60.45:  65%|██████▌   | 13/20 [03:00<01:34, 13.57s/it]Task 3, Epoch 14/20 => Loss 0.297, Train_accy 61.55:  65%|██████▌   | 13/20 [03:12<01:34, 13.57s/it]Task 3, Epoch 14/20 => Loss 0.297, Train_accy 61.55:  70%|███████   | 14/20 [03:12<01:19, 13.25s/it]Task 3, Epoch 15/20 => Loss 0.274, Train_accy 60.14:  70%|███████   | 14/20 [03:25<01:19, 13.25s/it]Task 3, Epoch 15/20 => Loss 0.274, Train_accy 60.14:  75%|███████▌  | 15/20 [03:25<01:05, 13.03s/it]Task 3, Epoch 16/20 => Loss 0.293, Train_accy 60.26, Test_accy 72.53:  75%|███████▌  | 15/20 [03:43<01:05, 13.03s/it]Task 3, Epoch 16/20 => Loss 0.293, Train_accy 60.26, Test_accy 72.53:  80%|████████  | 16/20 [03:43<00:58, 14.55s/it]Task 3, Epoch 17/20 => Loss 0.244, Train_accy 61.00:  80%|████████  | 16/20 [03:55<00:58, 14.55s/it]                 Task 3, Epoch 17/20 => Loss 0.244, Train_accy 61.00:  85%|████████▌ | 17/20 [03:55<00:41, 13.96s/it]Task 3, Epoch 18/20 => Loss 0.257, Train_accy 60.73:  85%|████████▌ | 17/20 [04:08<00:41, 13.96s/it]Task 3, Epoch 18/20 => Loss 0.257, Train_accy 60.73:  90%|█████████ | 18/20 [04:08<00:27, 13.52s/it]Task 3, Epoch 19/20 => Loss 0.259, Train_accy 61.39:  90%|█████████ | 18/20 [04:20<00:27, 13.52s/it]Task 3, Epoch 19/20 => Loss 0.259, Train_accy 61.39:  95%|█████████▌| 19/20 [04:20<00:13, 13.20s/it]Task 3, Epoch 20/20 => Loss 0.228, Train_accy 62.37:  95%|█████████▌| 19/20 [04:33<00:13, 13.20s/it]Task 3, Epoch 20/20 => Loss 0.228, Train_accy 62.37: 100%|██████████| 20/20 [04:33<00:00, 12.97s/it]Task 3, Epoch 20/20 => Loss 0.228, Train_accy 62.37: 100%|██████████| 20/20 [04:33<00:00, 13.66s/it]
2026-02-14 18:30:48,878 [sdlora.py] => Task 3, Epoch 20/20 => Loss 0.228, Train_accy 62.37
2026-02-14 18:30:49,796 [sdlora.py] => Saved task checkpoint to: ./checkpoints/ImageNetR3/ckpt_task_3.pt
2026-02-14 18:30:55,316 [trainer.py] => No NME accuracy.
2026-02-14 18:30:55,317 [trainer.py] => CNN: {'total': np.float64(71.26), '00-19': np.float64(69.12), '20-39': np.float64(85.84), '40-59': np.float64(66.56), '60-79': np.float64(64.19), 'old': np.float64(73.69), 'new': np.float64(64.19)}
2026-02-14 18:30:55,317 [trainer.py] => CNN top1 curve: [np.float64(90.81), np.float64(83.79), np.float64(74.03), np.float64(71.26)]
2026-02-14 18:30:55,317 [trainer.py] => CNN top5 curve: [np.float64(98.53), np.float64(95.73), np.float64(94.43), np.float64(93.49)]

Average Accuracy (CNN): 79.97250000000001
2026-02-14 18:30:55,317 [trainer.py] => Average Accuracy (CNN): 79.97250000000001 

task 4
2026-02-14 18:30:55,318 [trainer.py] => All params: 172027493
2026-02-14 18:30:55,319 [trainer.py] => Trainable params: 430181
2026-02-14 18:30:55,320 [sdlora.py] => Learning on 80-100
2026-02-14 18:30:56,023 [_builder.py] => Loading pretrained weights from Hugging Face hub (timm/vit_base_patch16_224.augreg2_in21k_ft_in1k)
2026-02-14 18:30:56,025 [_hub.py] => [timm/vit_base_patch16_224.augreg2_in21k_ft_in1k] Safe alternative available for 'pytorch_model.bin' (as 'model.safetensors'). Loading weights using safetensors.
save_file ./checkpoints/ImageNetR3/
  0%|          | 0/20 [00:00<?, ?it/s]Task 4, Epoch 1/20 => Loss 1.977, Train_accy 12.48, Test_accy 68.97:   0%|          | 0/20 [00:18<?, ?it/s]Task 4, Epoch 1/20 => Loss 1.977, Train_accy 12.48, Test_accy 68.97:   5%|▌         | 1/20 [00:18<05:44, 18.12s/it]Task 4, Epoch 2/20 => Loss 0.589, Train_accy 53.46:   5%|▌         | 1/20 [00:29<05:44, 18.12s/it]                 Task 4, Epoch 2/20 => Loss 0.589, Train_accy 53.46:  10%|█         | 2/20 [00:29<04:13, 14.09s/it]Task 4, Epoch 3/20 => Loss 0.521, Train_accy 59.59:  10%|█         | 2/20 [00:40<04:13, 14.09s/it]Task 4, Epoch 3/20 => Loss 0.521, Train_accy 59.59:  15%|█▌        | 3/20 [00:40<03:38, 12.87s/it]Task 4, Epoch 4/20 => Loss 0.483, Train_accy 61.00:  15%|█▌        | 3/20 [00:52<03:38, 12.87s/it]Task 4, Epoch 4/20 => Loss 0.483, Train_accy 61.00:  20%|██        | 4/20 [00:52<03:15, 12.22s/it]Task 4, Epoch 5/20 => Loss 0.401, Train_accy 62.79:  20%|██        | 4/20 [01:03<03:15, 12.22s/it]Task 4, Epoch 5/20 => Loss 0.401, Train_accy 62.79:  25%|██▌       | 5/20 [01:03<02:58, 11.88s/it]Task 4, Epoch 6/20 => Loss 0.365, Train_accy 64.44, Test_accy 73.34:  25%|██▌       | 5/20 [01:21<02:58, 11.88s/it]Task 4, Epoch 6/20 => Loss 0.365, Train_accy 64.44, Test_accy 73.34:  30%|███       | 6/20 [01:21<03:16, 14.06s/it]Task 4, Epoch 7/20 => Loss 0.363, Train_accy 63.97:  30%|███       | 6/20 [01:32<03:16, 14.06s/it]                 Task 4, Epoch 7/20 => Loss 0.363, Train_accy 63.97:  35%|███▌      | 7/20 [01:32<02:50, 13.15s/it]Task 4, Epoch 8/20 => Loss 0.347, Train_accy 64.15:  35%|███▌      | 7/20 [01:44<02:50, 13.15s/it]Task 4, Epoch 8/20 => Loss 0.347, Train_accy 64.15:  40%|████      | 8/20 [01:44<02:30, 12.54s/it]Task 4, Epoch 9/20 => Loss 0.335, Train_accy 63.87:  40%|████      | 8/20 [01:55<02:30, 12.54s/it]Task 4, Epoch 9/20 => Loss 0.335, Train_accy 63.87:  45%|████▌     | 9/20 [01:55<02:13, 12.14s/it]Task 4, Epoch 10/20 => Loss 0.282, Train_accy 63.35:  45%|████▌     | 9/20 [02:06<02:13, 12.14s/it]Task 4, Epoch 10/20 => Loss 0.282, Train_accy 63.35:  50%|█████     | 10/20 [02:06<01:58, 11.87s/it]Task 4, Epoch 11/20 => Loss 0.275, Train_accy 63.73, Test_accy 71.90:  50%|█████     | 10/20 [02:24<01:58, 11.87s/it]Task 4, Epoch 11/20 => Loss 0.275, Train_accy 63.73, Test_accy 71.90:  55%|█████▌    | 11/20 [02:24<02:04, 13.81s/it]Task 4, Epoch 12/20 => Loss 0.279, Train_accy 65.00:  55%|█████▌    | 11/20 [02:36<02:04, 13.81s/it]                 Task 4, Epoch 12/20 => Loss 0.279, Train_accy 65.00:  60%|██████    | 12/20 [02:36<01:44, 13.02s/it]Task 4, Epoch 13/20 => Loss 0.278, Train_accy 64.06:  60%|██████    | 12/20 [02:47<01:44, 13.02s/it]Task 4, Epoch 13/20 => Loss 0.278, Train_accy 64.06:  65%|██████▌   | 13/20 [02:47<01:27, 12.49s/it]Task 4, Epoch 14/20 => Loss 0.246, Train_accy 65.14:  65%|██████▌   | 13/20 [02:58<01:27, 12.49s/it]Task 4, Epoch 14/20 => Loss 0.246, Train_accy 65.14:  70%|███████   | 14/20 [02:58<01:12, 12.12s/it]Task 4, Epoch 15/20 => Loss 0.261, Train_accy 65.38:  70%|███████   | 14/20 [03:09<01:12, 12.12s/it]Task 4, Epoch 15/20 => Loss 0.261, Train_accy 65.38:  75%|███████▌  | 15/20 [03:09<00:59, 11.88s/it]Task 4, Epoch 16/20 => Loss 0.263, Train_accy 63.92, Test_accy 71.21:  75%|███████▌  | 15/20 [03:28<00:59, 11.88s/it]Task 4, Epoch 16/20 => Loss 0.263, Train_accy 63.92, Test_accy 71.21:  80%|████████  | 16/20 [03:28<00:55, 13.83s/it]Task 4, Epoch 17/20 => Loss 0.237, Train_accy 65.57:  80%|████████  | 16/20 [03:39<00:55, 13.83s/it]                 Task 4, Epoch 17/20 => Loss 0.237, Train_accy 65.57:  85%|████████▌ | 17/20 [03:39<00:39, 13.06s/it]Task 4, Epoch 18/20 => Loss 0.241, Train_accy 65.90:  85%|████████▌ | 17/20 [03:50<00:39, 13.06s/it]Task 4, Epoch 18/20 => Loss 0.241, Train_accy 65.90:  90%|█████████ | 18/20 [03:50<00:25, 12.53s/it]Task 4, Epoch 19/20 => Loss 0.247, Train_accy 63.78:  90%|█████████ | 18/20 [04:02<00:25, 12.53s/it]Task 4, Epoch 19/20 => Loss 0.247, Train_accy 63.78:  95%|█████████▌| 19/20 [04:02<00:12, 12.13s/it]Task 4, Epoch 20/20 => Loss 0.247, Train_accy 64.67:  95%|█████████▌| 19/20 [04:13<00:12, 12.13s/it]Task 4, Epoch 20/20 => Loss 0.247, Train_accy 64.67: 100%|██████████| 20/20 [04:13<00:00, 11.89s/it]Task 4, Epoch 20/20 => Loss 0.247, Train_accy 64.67: 100%|██████████| 20/20 [04:13<00:00, 12.67s/it]
2026-02-14 18:35:09,565 [sdlora.py] => Task 4, Epoch 20/20 => Loss 0.247, Train_accy 64.67
2026-02-14 18:35:10,453 [sdlora.py] => Saved task checkpoint to: ./checkpoints/ImageNetR3/ckpt_task_4.pt
2026-02-14 18:35:17,309 [trainer.py] => No NME accuracy.
2026-02-14 18:35:17,309 [trainer.py] => CNN: {'total': np.float64(70.66), '00-19': np.float64(68.01), '20-39': np.float64(87.22), '40-59': np.float64(65.31), '60-79': np.float64(65.18), '80-99': np.float64(67.98), 'old': np.float64(71.26), 'new': np.float64(67.98)}
2026-02-14 18:35:17,310 [trainer.py] => CNN top1 curve: [np.float64(90.81), np.float64(83.79), np.float64(74.03), np.float64(71.26), np.float64(70.66)]
2026-02-14 18:35:17,310 [trainer.py] => CNN top5 curve: [np.float64(98.53), np.float64(95.73), np.float64(94.43), np.float64(93.49), np.float64(92.34)]

Average Accuracy (CNN): 78.11000000000001
2026-02-14 18:35:17,310 [trainer.py] => Average Accuracy (CNN): 78.11000000000001 

task 5
2026-02-14 18:35:17,311 [trainer.py] => All params: 172042873
2026-02-14 18:35:17,312 [trainer.py] => Trainable params: 445561
2026-02-14 18:35:17,313 [sdlora.py] => Learning on 100-120
2026-02-14 18:35:18,030 [_builder.py] => Loading pretrained weights from Hugging Face hub (timm/vit_base_patch16_224.augreg2_in21k_ft_in1k)
2026-02-14 18:35:18,032 [_hub.py] => [timm/vit_base_patch16_224.augreg2_in21k_ft_in1k] Safe alternative available for 'pytorch_model.bin' (as 'model.safetensors'). Loading weights using safetensors.
save_file ./checkpoints/ImageNetR3/
  0%|          | 0/20 [00:00<?, ?it/s]Task 5, Epoch 1/20 => Loss 1.772, Train_accy 16.46, Test_accy 68.88:   0%|          | 0/20 [00:22<?, ?it/s]Task 5, Epoch 1/20 => Loss 1.772, Train_accy 16.46, Test_accy 68.88:   5%|▌         | 1/20 [00:22<07:10, 22.65s/it]Task 5, Epoch 2/20 => Loss 0.683, Train_accy 53.61:   5%|▌         | 1/20 [00:36<07:10, 22.65s/it]                 Task 5, Epoch 2/20 => Loss 0.683, Train_accy 53.61:  10%|█         | 2/20 [00:36<05:16, 17.61s/it]Task 5, Epoch 3/20 => Loss 0.576, Train_accy 59.99:  10%|█         | 2/20 [00:50<05:16, 17.61s/it]Task 5, Epoch 3/20 => Loss 0.576, Train_accy 59.99:  15%|█▌        | 3/20 [00:50<04:32, 16.01s/it]Task 5, Epoch 4/20 => Loss 0.498, Train_accy 62.57:  15%|█▌        | 3/20 [01:05<04:32, 16.01s/it]Task 5, Epoch 4/20 => Loss 0.498, Train_accy 62.57:  20%|██        | 4/20 [01:05<04:05, 15.33s/it]Task 5, Epoch 5/20 => Loss 0.459, Train_accy 62.17:  20%|██        | 4/20 [01:19<04:05, 15.33s/it]Task 5, Epoch 5/20 => Loss 0.459, Train_accy 62.17:  25%|██▌       | 5/20 [01:19<03:43, 14.88s/it]Task 5, Epoch 6/20 => Loss 0.423, Train_accy 62.29, Test_accy 72.36:  25%|██▌       | 5/20 [01:42<03:43, 14.88s/it]Task 5, Epoch 6/20 => Loss 0.423, Train_accy 62.29, Test_accy 72.36:  30%|███       | 6/20 [01:42<04:06, 17.60s/it]Task 5, Epoch 7/20 => Loss 0.385, Train_accy 64.55:  30%|███       | 6/20 [01:56<04:06, 17.60s/it]                 Task 5, Epoch 7/20 => Loss 0.385, Train_accy 64.55:  35%|███▌      | 7/20 [01:56<03:34, 16.47s/it]Task 5, Epoch 8/20 => Loss 0.361, Train_accy 65.42:  35%|███▌      | 7/20 [02:10<03:34, 16.47s/it]Task 5, Epoch 8/20 => Loss 0.361, Train_accy 65.42:  40%|████      | 8/20 [02:10<03:09, 15.77s/it]Task 5, Epoch 9/20 => Loss 0.388, Train_accy 64.71:  40%|████      | 8/20 [02:24<03:09, 15.77s/it]Task 5, Epoch 9/20 => Loss 0.388, Train_accy 64.71:  45%|████▌     | 9/20 [02:24<02:47, 15.25s/it]Task 5, Epoch 10/20 => Loss 0.373, Train_accy 65.03:  45%|████▌     | 9/20 [02:38<02:47, 15.25s/it]Task 5, Epoch 10/20 => Loss 0.373, Train_accy 65.03:  50%|█████     | 10/20 [02:38<02:28, 14.89s/it]Task 5, Epoch 11/20 => Loss 0.339, Train_accy 63.92, Test_accy 71.19:  50%|█████     | 10/20 [03:01<02:28, 14.89s/it]Task 5, Epoch 11/20 => Loss 0.339, Train_accy 63.92, Test_accy 71.19:  55%|█████▌    | 11/20 [03:01<02:35, 17.27s/it]Task 5, Epoch 12/20 => Loss 0.330, Train_accy 66.30:  55%|█████▌    | 11/20 [03:15<02:35, 17.27s/it]                 Task 5, Epoch 12/20 => Loss 0.330, Train_accy 66.30:  60%|██████    | 12/20 [03:15<02:10, 16.31s/it]Task 5, Epoch 13/20 => Loss 0.311, Train_accy 66.02:  60%|██████    | 12/20 [03:29<02:10, 16.31s/it]Task 5, Epoch 13/20 => Loss 0.311, Train_accy 66.02:  65%|██████▌   | 13/20 [03:29<01:49, 15.65s/it]Task 5, Epoch 14/20 => Loss 0.321, Train_accy 65.19:  65%|██████▌   | 13/20 [03:43<01:49, 15.65s/it]Task 5, Epoch 14/20 => Loss 0.321, Train_accy 65.19:  70%|███████   | 14/20 [03:43<01:31, 15.18s/it]Task 5, Epoch 15/20 => Loss 0.272, Train_accy 67.45:  70%|███████   | 14/20 [03:57<01:31, 15.18s/it]Task 5, Epoch 15/20 => Loss 0.272, Train_accy 67.45:  75%|███████▌  | 15/20 [03:57<01:14, 14.89s/it]Task 5, Epoch 16/20 => Loss 0.293, Train_accy 65.90, Test_accy 70.25:  75%|███████▌  | 15/20 [04:20<01:14, 14.89s/it]Task 5, Epoch 16/20 => Loss 0.293, Train_accy 65.90, Test_accy 70.25:  80%|████████  | 16/20 [04:20<01:08, 17.23s/it]Task 5, Epoch 17/20 => Loss 0.296, Train_accy 67.76:  80%|████████  | 16/20 [04:34<01:08, 17.23s/it]                 Task 5, Epoch 17/20 => Loss 0.296, Train_accy 67.76:  85%|████████▌ | 17/20 [04:34<00:49, 16.35s/it]Task 5, Epoch 18/20 => Loss 0.277, Train_accy 65.78:  85%|████████▌ | 17/20 [04:48<00:49, 16.35s/it]Task 5, Epoch 18/20 => Loss 0.277, Train_accy 65.78:  90%|█████████ | 18/20 [04:48<00:31, 15.68s/it]Task 5, Epoch 19/20 => Loss 0.271, Train_accy 67.49:  90%|█████████ | 18/20 [05:03<00:31, 15.68s/it]Task 5, Epoch 19/20 => Loss 0.271, Train_accy 67.49:  95%|█████████▌| 19/20 [05:03<00:15, 15.24s/it]Task 5, Epoch 20/20 => Loss 0.296, Train_accy 65.66:  95%|█████████▌| 19/20 [05:17<00:15, 15.24s/it]Task 5, Epoch 20/20 => Loss 0.296, Train_accy 65.66: 100%|██████████| 20/20 [05:17<00:00, 14.98s/it]Task 5, Epoch 20/20 => Loss 0.296, Train_accy 65.66: 100%|██████████| 20/20 [05:17<00:00, 15.88s/it]
2026-02-14 18:40:36,026 [sdlora.py] => Task 5, Epoch 20/20 => Loss 0.296, Train_accy 65.66
2026-02-14 18:40:37,011 [sdlora.py] => Saved task checkpoint to: ./checkpoints/ImageNetR3/ckpt_task_5.pt
2026-02-14 18:40:45,571 [trainer.py] => No NME accuracy.
2026-02-14 18:40:45,572 [trainer.py] => CNN: {'total': np.float64(70.13), '00-19': np.float64(67.1), '20-39': np.float64(86.7), '40-59': np.float64(66.25), '60-79': np.float64(62.87), '80-99': np.float64(68.54), '100-119': np.float64(69.78), 'old': np.float64(70.21), 'new': np.float64(69.78)}
2026-02-14 18:40:45,572 [trainer.py] => CNN top1 curve: [np.float64(90.81), np.float64(83.79), np.float64(74.03), np.float64(71.26), np.float64(70.66), np.float64(70.13)]
2026-02-14 18:40:45,572 [trainer.py] => CNN top5 curve: [np.float64(98.53), np.float64(95.73), np.float64(94.43), np.float64(93.49), np.float64(92.34), np.float64(91.4)]

Average Accuracy (CNN): 76.78000000000002
2026-02-14 18:40:45,572 [trainer.py] => Average Accuracy (CNN): 76.78000000000002 

task 6
2026-02-14 18:40:45,573 [trainer.py] => All params: 172058253
2026-02-14 18:40:45,574 [trainer.py] => Trainable params: 460941
2026-02-14 18:40:45,576 [sdlora.py] => Learning on 120-140
2026-02-14 18:40:46,669 [_builder.py] => Loading pretrained weights from Hugging Face hub (timm/vit_base_patch16_224.augreg2_in21k_ft_in1k)
2026-02-14 18:40:46,671 [_hub.py] => [timm/vit_base_patch16_224.augreg2_in21k_ft_in1k] Safe alternative available for 'pytorch_model.bin' (as 'model.safetensors'). Loading weights using safetensors.
save_file ./checkpoints/ImageNetR3/
  0%|          | 0/20 [00:00<?, ?it/s]Task 6, Epoch 1/20 => Loss 1.660, Train_accy 16.28, Test_accy 69.97:   0%|          | 0/20 [00:23<?, ?it/s]Task 6, Epoch 1/20 => Loss 1.660, Train_accy 16.28, Test_accy 69.97:   5%|▌         | 1/20 [00:23<07:31, 23.76s/it]Task 6, Epoch 2/20 => Loss 0.506, Train_accy 57.54:   5%|▌         | 1/20 [00:37<07:31, 23.76s/it]                 Task 6, Epoch 2/20 => Loss 0.506, Train_accy 57.54:  10%|█         | 2/20 [00:37<05:19, 17.74s/it]Task 6, Epoch 3/20 => Loss 0.409, Train_accy 66.50:  10%|█         | 2/20 [00:50<05:19, 17.74s/it]Task 6, Epoch 3/20 => Loss 0.409, Train_accy 66.50:  15%|█▌        | 3/20 [00:50<04:29, 15.86s/it]Task 6, Epoch 4/20 => Loss 0.372, Train_accy 66.02:  15%|█▌        | 3/20 [01:04<04:29, 15.86s/it]Task 6, Epoch 4/20 => Loss 0.372, Train_accy 66.02:  20%|██        | 4/20 [01:04<03:58, 14.92s/it]Task 6, Epoch 5/20 => Loss 0.312, Train_accy 68.10:  20%|██        | 4/20 [01:17<03:58, 14.92s/it]Task 6, Epoch 5/20 => Loss 0.312, Train_accy 68.10:  25%|██▌       | 5/20 [01:17<03:36, 14.41s/it]Task 6, Epoch 6/20 => Loss 0.333, Train_accy 67.97, Test_accy 72.61:  25%|██▌       | 5/20 [01:41<03:36, 14.41s/it]Task 6, Epoch 6/20 => Loss 0.333, Train_accy 67.97, Test_accy 72.61:  30%|███       | 6/20 [01:41<04:06, 17.61s/it]Task 6, Epoch 7/20 => Loss 0.326, Train_accy 67.70:  30%|███       | 6/20 [01:55<04:06, 17.61s/it]                 Task 6, Epoch 7/20 => Loss 0.326, Train_accy 67.70:  35%|███▌      | 7/20 [01:55<03:31, 16.24s/it]Task 6, Epoch 8/20 => Loss 0.291, Train_accy 69.61:  35%|███▌      | 7/20 [02:08<03:31, 16.24s/it]Task 6, Epoch 8/20 => Loss 0.291, Train_accy 69.61:  40%|████      | 8/20 [02:08<03:04, 15.35s/it]Task 6, Epoch 9/20 => Loss 0.288, Train_accy 68.23:  40%|████      | 8/20 [02:22<03:04, 15.35s/it]Task 6, Epoch 9/20 => Loss 0.288, Train_accy 68.23:  45%|████▌     | 9/20 [02:22<02:43, 14.82s/it]Task 6, Epoch 10/20 => Loss 0.263, Train_accy 69.39:  45%|████▌     | 9/20 [02:35<02:43, 14.82s/it]Task 6, Epoch 10/20 => Loss 0.263, Train_accy 69.39:  50%|█████     | 10/20 [02:35<02:24, 14.47s/it]Task 6, Epoch 11/20 => Loss 0.261, Train_accy 69.43, Test_accy 71.80:  50%|█████     | 10/20 [02:59<02:24, 14.47s/it]Task 6, Epoch 11/20 => Loss 0.261, Train_accy 69.43, Test_accy 71.80:  55%|█████▌    | 11/20 [02:59<02:36, 17.39s/it]Task 6, Epoch 12/20 => Loss 0.269, Train_accy 68.86:  55%|█████▌    | 11/20 [03:13<02:36, 17.39s/it]                 Task 6, Epoch 12/20 => Loss 0.269, Train_accy 68.86:  60%|██████    | 12/20 [03:13<02:09, 16.21s/it]Task 6, Epoch 13/20 => Loss 0.258, Train_accy 68.54:  60%|██████    | 12/20 [03:27<02:09, 16.21s/it]Task 6, Epoch 13/20 => Loss 0.258, Train_accy 68.54:  65%|██████▌   | 13/20 [03:27<01:48, 15.47s/it]Task 6, Epoch 14/20 => Loss 0.244, Train_accy 69.12:  65%|██████▌   | 13/20 [03:40<01:48, 15.47s/it]Task 6, Epoch 14/20 => Loss 0.244, Train_accy 69.12:  70%|███████   | 14/20 [03:40<01:29, 14.88s/it]Task 6, Epoch 15/20 => Loss 0.248, Train_accy 70.01:  70%|███████   | 14/20 [03:54<01:29, 14.88s/it]Task 6, Epoch 15/20 => Loss 0.248, Train_accy 70.01:  75%|███████▌  | 15/20 [03:54<01:12, 14.53s/it]Task 6, Epoch 16/20 => Loss 0.228, Train_accy 69.74, Test_accy 71.82:  75%|███████▌  | 15/20 [04:18<01:12, 14.53s/it]Task 6, Epoch 16/20 => Loss 0.228, Train_accy 69.74, Test_accy 71.82:  80%|████████  | 16/20 [04:18<01:09, 17.36s/it]Task 6, Epoch 17/20 => Loss 0.248, Train_accy 67.88:  80%|████████  | 16/20 [04:31<01:09, 17.36s/it]                 Task 6, Epoch 17/20 => Loss 0.248, Train_accy 67.88:  85%|████████▌ | 17/20 [04:31<00:48, 16.20s/it]Task 6, Epoch 18/20 => Loss 0.217, Train_accy 69.21:  85%|████████▌ | 17/20 [04:45<00:48, 16.20s/it]Task 6, Epoch 18/20 => Loss 0.217, Train_accy 69.21:  90%|█████████ | 18/20 [04:45<00:30, 15.38s/it]Task 6, Epoch 19/20 => Loss 0.246, Train_accy 70.76:  90%|█████████ | 18/20 [04:58<00:30, 15.38s/it]Task 6, Epoch 19/20 => Loss 0.246, Train_accy 70.76:  95%|█████████▌| 19/20 [04:58<00:14, 14.80s/it]Task 6, Epoch 20/20 => Loss 0.222, Train_accy 70.05:  95%|█████████▌| 19/20 [05:12<00:14, 14.80s/it]Task 6, Epoch 20/20 => Loss 0.222, Train_accy 70.05: 100%|██████████| 20/20 [05:12<00:00, 14.40s/it]Task 6, Epoch 20/20 => Loss 0.222, Train_accy 70.05: 100%|██████████| 20/20 [05:12<00:00, 15.61s/it]
2026-02-14 18:45:59,317 [sdlora.py] => Task 6, Epoch 20/20 => Loss 0.222, Train_accy 70.05
2026-02-14 18:46:00,033 [sdlora.py] => Saved task checkpoint to: ./checkpoints/ImageNetR3/ckpt_task_6.pt
2026-02-14 18:46:10,330 [trainer.py] => No NME accuracy.
2026-02-14 18:46:10,331 [trainer.py] => CNN: {'total': np.float64(71.58), '00-19': np.float64(69.67), '20-39': np.float64(86.7), '40-59': np.float64(64.99), '60-79': np.float64(64.03), '80-99': np.float64(70.04), '100-119': np.float64(69.78), '120-139': np.float64(76.97), 'old': np.float64(70.73), 'new': np.float64(76.97)}
2026-02-14 18:46:10,331 [trainer.py] => CNN top1 curve: [np.float64(90.81), np.float64(83.79), np.float64(74.03), np.float64(71.26), np.float64(70.66), np.float64(70.13), np.float64(71.58)]
2026-02-14 18:46:10,331 [trainer.py] => CNN top5 curve: [np.float64(98.53), np.float64(95.73), np.float64(94.43), np.float64(93.49), np.float64(92.34), np.float64(91.4), np.float64(91.55)]

Average Accuracy (CNN): 76.03714285714287
2026-02-14 18:46:10,331 [trainer.py] => Average Accuracy (CNN): 76.03714285714287 

task 7
2026-02-14 18:46:10,332 [trainer.py] => All params: 172073633
2026-02-14 18:46:10,333 [trainer.py] => Trainable params: 476321
2026-02-14 18:46:10,335 [sdlora.py] => Learning on 140-160
2026-02-14 18:46:11,754 [_builder.py] => Loading pretrained weights from Hugging Face hub (timm/vit_base_patch16_224.augreg2_in21k_ft_in1k)
2026-02-14 18:46:11,756 [_hub.py] => [timm/vit_base_patch16_224.augreg2_in21k_ft_in1k] Safe alternative available for 'pytorch_model.bin' (as 'model.safetensors'). Loading weights using safetensors.
save_file ./checkpoints/ImageNetR3/
  0%|          | 0/20 [00:00<?, ?it/s]Task 7, Epoch 1/20 => Loss 1.681, Train_accy 14.91, Test_accy 70.32:   0%|          | 0/20 [00:27<?, ?it/s]Task 7, Epoch 1/20 => Loss 1.681, Train_accy 14.91, Test_accy 70.32:   5%|▌         | 1/20 [00:27<08:40, 27.39s/it]Task 7, Epoch 2/20 => Loss 0.498, Train_accy 56.75:   5%|▌         | 1/20 [00:42<08:40, 27.39s/it]                 Task 7, Epoch 2/20 => Loss 0.498, Train_accy 56.75:  10%|█         | 2/20 [00:42<06:01, 20.10s/it]Task 7, Epoch 3/20 => Loss 0.429, Train_accy 63.38:  10%|█         | 2/20 [00:57<06:01, 20.10s/it]Task 7, Epoch 3/20 => Loss 0.429, Train_accy 63.38:  15%|█▌        | 3/20 [00:57<05:01, 17.71s/it]Task 7, Epoch 4/20 => Loss 0.372, Train_accy 64.91:  15%|█▌        | 3/20 [01:12<05:01, 17.71s/it]Task 7, Epoch 4/20 => Loss 0.372, Train_accy 64.91:  20%|██        | 4/20 [01:12<04:26, 16.64s/it]Task 7, Epoch 5/20 => Loss 0.349, Train_accy 65.21:  20%|██        | 4/20 [01:27<04:26, 16.64s/it]Task 7, Epoch 5/20 => Loss 0.349, Train_accy 65.21:  25%|██▌       | 5/20 [01:27<04:00, 16.02s/it]Task 7, Epoch 6/20 => Loss 0.326, Train_accy 66.14, Test_accy 72.65:  25%|██▌       | 5/20 [01:54<04:00, 16.02s/it]Task 7, Epoch 6/20 => Loss 0.326, Train_accy 66.14, Test_accy 72.65:  30%|███       | 6/20 [01:54<04:38, 19.87s/it]Task 7, Epoch 7/20 => Loss 0.294, Train_accy 66.53:  30%|███       | 6/20 [02:09<04:38, 19.87s/it]                 Task 7, Epoch 7/20 => Loss 0.294, Train_accy 66.53:  35%|███▌      | 7/20 [02:09<03:56, 18.23s/it]Task 7, Epoch 8/20 => Loss 0.277, Train_accy 66.99:  35%|███▌      | 7/20 [02:24<03:56, 18.23s/it]Task 7, Epoch 8/20 => Loss 0.277, Train_accy 66.99:  40%|████      | 8/20 [02:24<03:26, 17.18s/it]Task 7, Epoch 9/20 => Loss 0.257, Train_accy 68.61:  40%|████      | 8/20 [02:39<03:26, 17.18s/it]Task 7, Epoch 9/20 => Loss 0.257, Train_accy 68.61:  45%|████▌     | 9/20 [02:39<03:01, 16.52s/it]Task 7, Epoch 10/20 => Loss 0.231, Train_accy 68.27:  45%|████▌     | 9/20 [02:54<03:01, 16.52s/it]Task 7, Epoch 10/20 => Loss 0.231, Train_accy 68.27:  50%|█████     | 10/20 [02:54<02:40, 16.05s/it]Task 7, Epoch 11/20 => Loss 0.291, Train_accy 68.01, Test_accy 71.75:  50%|█████     | 10/20 [03:21<02:40, 16.05s/it]Task 7, Epoch 11/20 => Loss 0.291, Train_accy 68.01, Test_accy 71.75:  55%|█████▌    | 11/20 [03:21<02:55, 19.52s/it]Task 7, Epoch 12/20 => Loss 0.254, Train_accy 69.50:  55%|█████▌    | 11/20 [03:36<02:55, 19.52s/it]                 Task 7, Epoch 12/20 => Loss 0.254, Train_accy 69.50:  60%|██████    | 12/20 [03:36<02:24, 18.10s/it]Task 7, Epoch 13/20 => Loss 0.250, Train_accy 66.95:  60%|██████    | 12/20 [03:51<02:24, 18.10s/it]Task 7, Epoch 13/20 => Loss 0.250, Train_accy 66.95:  65%|██████▌   | 13/20 [03:51<01:59, 17.12s/it]Task 7, Epoch 14/20 => Loss 0.245, Train_accy 68.22:  65%|██████▌   | 13/20 [04:06<01:59, 17.12s/it]Task 7, Epoch 14/20 => Loss 0.245, Train_accy 68.22:  70%|███████   | 14/20 [04:06<01:38, 16.45s/it]Task 7, Epoch 15/20 => Loss 0.223, Train_accy 68.86:  70%|███████   | 14/20 [04:21<01:38, 16.45s/it]Task 7, Epoch 15/20 => Loss 0.223, Train_accy 68.86:  75%|███████▌  | 15/20 [04:21<01:19, 15.97s/it]Task 7, Epoch 16/20 => Loss 0.210, Train_accy 69.58, Test_accy 71.50:  75%|███████▌  | 15/20 [04:48<01:19, 15.97s/it]Task 7, Epoch 16/20 => Loss 0.210, Train_accy 69.58, Test_accy 71.50:  80%|████████  | 16/20 [04:48<01:17, 19.41s/it]Task 7, Epoch 17/20 => Loss 0.227, Train_accy 68.44:  80%|████████  | 16/20 [05:03<01:17, 19.41s/it]                 Task 7, Epoch 17/20 => Loss 0.227, Train_accy 68.44:  85%|████████▌ | 17/20 [05:03<00:54, 18.03s/it]Task 7, Epoch 18/20 => Loss 0.206, Train_accy 69.63:  85%|████████▌ | 17/20 [05:18<00:54, 18.03s/it]Task 7, Epoch 18/20 => Loss 0.206, Train_accy 69.63:  90%|█████████ | 18/20 [05:18<00:34, 17.10s/it]Task 7, Epoch 19/20 => Loss 0.219, Train_accy 68.73:  90%|█████████ | 18/20 [05:33<00:34, 17.10s/it]Task 7, Epoch 19/20 => Loss 0.219, Train_accy 68.73:  95%|█████████▌| 19/20 [05:33<00:16, 16.53s/it]Task 7, Epoch 20/20 => Loss 0.215, Train_accy 69.29:  95%|█████████▌| 19/20 [05:48<00:16, 16.53s/it]Task 7, Epoch 20/20 => Loss 0.215, Train_accy 69.29: 100%|██████████| 20/20 [05:48<00:00, 16.03s/it]Task 7, Epoch 20/20 => Loss 0.215, Train_accy 69.29: 100%|██████████| 20/20 [05:48<00:00, 17.42s/it]
2026-02-14 18:52:00,858 [sdlora.py] => Task 7, Epoch 20/20 => Loss 0.215, Train_accy 69.29
2026-02-14 18:52:01,744 [sdlora.py] => Saved task checkpoint to: ./checkpoints/ImageNetR3/ckpt_task_7.pt
2026-02-14 18:52:14,232 [trainer.py] => No NME accuracy.
2026-02-14 18:52:14,232 [trainer.py] => CNN: {'total': np.float64(71.35), '00-19': np.float64(67.65), '20-39': np.float64(86.18), '40-59': np.float64(65.78), '60-79': np.float64(63.7), '80-99': np.float64(67.98), '100-119': np.float64(69.45), '120-139': np.float64(76.6), '140-159': np.float64(73.92), 'old': np.float64(70.93), 'new': np.float64(73.92)}
2026-02-14 18:52:14,232 [trainer.py] => CNN top1 curve: [np.float64(90.81), np.float64(83.79), np.float64(74.03), np.float64(71.26), np.float64(70.66), np.float64(70.13), np.float64(71.58), np.float64(71.35)]
2026-02-14 18:52:14,232 [trainer.py] => CNN top5 curve: [np.float64(98.53), np.float64(95.73), np.float64(94.43), np.float64(93.49), np.float64(92.34), np.float64(91.4), np.float64(91.55), np.float64(91.22)]

Average Accuracy (CNN): 75.45125000000002
2026-02-14 18:52:14,232 [trainer.py] => Average Accuracy (CNN): 75.45125000000002 

task 8
2026-02-14 18:52:14,234 [trainer.py] => All params: 172089013
2026-02-14 18:52:14,235 [trainer.py] => Trainable params: 491701
2026-02-14 18:52:14,236 [sdlora.py] => Learning on 160-180
2026-02-14 18:52:15,026 [_builder.py] => Loading pretrained weights from Hugging Face hub (timm/vit_base_patch16_224.augreg2_in21k_ft_in1k)
2026-02-14 18:52:15,028 [_hub.py] => [timm/vit_base_patch16_224.augreg2_in21k_ft_in1k] Safe alternative available for 'pytorch_model.bin' (as 'model.safetensors'). Loading weights using safetensors.
save_file ./checkpoints/ImageNetR3/
  0%|          | 0/20 [00:00<?, ?it/s]Task 8, Epoch 1/20 => Loss 1.730, Train_accy 18.16, Test_accy 70.81:   0%|          | 0/20 [00:31<?, ?it/s]Task 8, Epoch 1/20 => Loss 1.730, Train_accy 18.16, Test_accy 70.81:   5%|▌         | 1/20 [00:31<10:01, 31.67s/it]Task 8, Epoch 2/20 => Loss 0.536, Train_accy 54.53:   5%|▌         | 1/20 [00:48<10:01, 31.67s/it]                 Task 8, Epoch 2/20 => Loss 0.536, Train_accy 54.53:  10%|█         | 2/20 [00:48<06:55, 23.10s/it]Task 8, Epoch 3/20 => Loss 0.456, Train_accy 60.85:  10%|█         | 2/20 [01:05<06:55, 23.10s/it]Task 8, Epoch 3/20 => Loss 0.456, Train_accy 60.85:  15%|█▌        | 3/20 [01:05<05:44, 20.28s/it]Task 8, Epoch 4/20 => Loss 0.424, Train_accy 62.34:  15%|█▌        | 3/20 [01:22<05:44, 20.28s/it]Task 8, Epoch 4/20 => Loss 0.424, Train_accy 62.34:  20%|██        | 4/20 [01:22<05:03, 18.96s/it]Task 8, Epoch 5/20 => Loss 0.360, Train_accy 63.28:  20%|██        | 4/20 [01:39<05:03, 18.96s/it]Task 8, Epoch 5/20 => Loss 0.360, Train_accy 63.28:  25%|██▌       | 5/20 [01:39<04:33, 18.23s/it]Task 8, Epoch 6/20 => Loss 0.339, Train_accy 63.48, Test_accy 72.56:  25%|██▌       | 5/20 [02:11<04:33, 18.23s/it]Task 8, Epoch 6/20 => Loss 0.339, Train_accy 63.48, Test_accy 72.56:  30%|███       | 6/20 [02:11<05:19, 22.82s/it]Task 8, Epoch 7/20 => Loss 0.312, Train_accy 63.71:  30%|███       | 6/20 [02:28<05:19, 22.82s/it]                 Task 8, Epoch 7/20 => Loss 0.312, Train_accy 63.71:  35%|███▌      | 7/20 [02:28<04:31, 20.90s/it]Task 8, Epoch 8/20 => Loss 0.319, Train_accy 63.48:  35%|███▌      | 7/20 [02:45<04:31, 20.90s/it]Task 8, Epoch 8/20 => Loss 0.319, Train_accy 63.48:  40%|████      | 8/20 [02:45<03:55, 19.64s/it]Task 8, Epoch 9/20 => Loss 0.301, Train_accy 64.46:  40%|████      | 8/20 [03:02<03:55, 19.64s/it]Task 8, Epoch 9/20 => Loss 0.301, Train_accy 64.46:  45%|████▌     | 9/20 [03:02<03:26, 18.78s/it]Task 8, Epoch 10/20 => Loss 0.332, Train_accy 63.36:  45%|████▌     | 9/20 [03:19<03:26, 18.78s/it]Task 8, Epoch 10/20 => Loss 0.332, Train_accy 63.36:  50%|█████     | 10/20 [03:19<03:02, 18.25s/it]Task 8, Epoch 11/20 => Loss 0.314, Train_accy 64.73, Test_accy 71.92:  50%|█████     | 10/20 [03:50<03:02, 18.25s/it]Task 8, Epoch 11/20 => Loss 0.314, Train_accy 64.73, Test_accy 71.92:  55%|█████▌    | 11/20 [03:50<03:20, 22.33s/it]Task 8, Epoch 12/20 => Loss 0.280, Train_accy 64.57:  55%|█████▌    | 11/20 [04:07<03:20, 22.33s/it]                 Task 8, Epoch 12/20 => Loss 0.280, Train_accy 64.57:  60%|██████    | 12/20 [04:07<02:45, 20.68s/it]Task 8, Epoch 13/20 => Loss 0.299, Train_accy 63.44:  60%|██████    | 12/20 [04:24<02:45, 20.68s/it]Task 8, Epoch 13/20 => Loss 0.299, Train_accy 63.44:  65%|██████▌   | 13/20 [04:24<02:16, 19.54s/it]Task 8, Epoch 14/20 => Loss 0.275, Train_accy 63.63:  65%|██████▌   | 13/20 [04:41<02:16, 19.54s/it]Task 8, Epoch 14/20 => Loss 0.275, Train_accy 63.63:  70%|███████   | 14/20 [04:41<01:52, 18.73s/it]Task 8, Epoch 15/20 => Loss 0.283, Train_accy 64.22:  70%|███████   | 14/20 [04:58<01:52, 18.73s/it]Task 8, Epoch 15/20 => Loss 0.283, Train_accy 64.22:  75%|███████▌  | 15/20 [04:58<01:30, 18.18s/it]Task 8, Epoch 16/20 => Loss 0.256, Train_accy 63.63, Test_accy 71.28:  75%|███████▌  | 15/20 [05:29<01:30, 18.18s/it]Task 8, Epoch 16/20 => Loss 0.256, Train_accy 63.63, Test_accy 71.28:  80%|████████  | 16/20 [05:29<01:28, 22.17s/it]Task 8, Epoch 17/20 => Loss 0.261, Train_accy 64.73:  80%|████████  | 16/20 [05:46<01:28, 22.17s/it]                 Task 8, Epoch 17/20 => Loss 0.261, Train_accy 64.73:  85%|████████▌ | 17/20 [05:46<01:01, 20.58s/it]Task 8, Epoch 18/20 => Loss 0.254, Train_accy 64.50:  85%|████████▌ | 17/20 [06:03<01:01, 20.58s/it]Task 8, Epoch 18/20 => Loss 0.254, Train_accy 64.50:  90%|█████████ | 18/20 [06:03<00:38, 19.48s/it]Task 8, Epoch 19/20 => Loss 0.216, Train_accy 65.52:  90%|█████████ | 18/20 [06:20<00:38, 19.48s/it]Task 8, Epoch 19/20 => Loss 0.216, Train_accy 65.52:  95%|█████████▌| 19/20 [06:20<00:18, 18.73s/it]Task 8, Epoch 20/20 => Loss 0.236, Train_accy 64.81:  95%|█████████▌| 19/20 [06:37<00:18, 18.73s/it]Task 8, Epoch 20/20 => Loss 0.236, Train_accy 64.81: 100%|██████████| 20/20 [06:37<00:00, 18.21s/it]Task 8, Epoch 20/20 => Loss 0.236, Train_accy 64.81: 100%|██████████| 20/20 [06:37<00:00, 19.88s/it]
2026-02-14 18:58:52,759 [sdlora.py] => Task 8, Epoch 20/20 => Loss 0.236, Train_accy 64.81
2026-02-14 18:58:53,616 [sdlora.py] => Saved task checkpoint to: ./checkpoints/ImageNetR3/ckpt_task_8.pt
2026-02-14 18:59:08,294 [trainer.py] => No NME accuracy.
2026-02-14 18:59:08,295 [trainer.py] => CNN: {'total': np.float64(70.66), '00-19': np.float64(66.91), '20-39': np.float64(84.97), '40-59': np.float64(62.79), '60-79': np.float64(63.7), '80-99': np.float64(67.6), '100-119': np.float64(67.78), '120-139': np.float64(75.5), '140-159': np.float64(73.92), '160-179': np.float64(73.19), 'old': np.float64(70.32), 'new': np.float64(73.19)}
2026-02-14 18:59:08,295 [trainer.py] => CNN top1 curve: [np.float64(90.81), np.float64(83.79), np.float64(74.03), np.float64(71.26), np.float64(70.66), np.float64(70.13), np.float64(71.58), np.float64(71.35), np.float64(70.66)]
2026-02-14 18:59:08,295 [trainer.py] => CNN top5 curve: [np.float64(98.53), np.float64(95.73), np.float64(94.43), np.float64(93.49), np.float64(92.34), np.float64(91.4), np.float64(91.55), np.float64(91.22), np.float64(91.2)]

Average Accuracy (CNN): 74.9188888888889
2026-02-14 18:59:08,295 [trainer.py] => Average Accuracy (CNN): 74.9188888888889 

task 9
2026-02-14 18:59:08,296 [trainer.py] => All params: 172104393
2026-02-14 18:59:08,297 [trainer.py] => Trainable params: 507081
2026-02-14 18:59:08,299 [sdlora.py] => Learning on 180-200
2026-02-14 18:59:09,314 [_builder.py] => Loading pretrained weights from Hugging Face hub (timm/vit_base_patch16_224.augreg2_in21k_ft_in1k)
2026-02-14 18:59:09,315 [_hub.py] => [timm/vit_base_patch16_224.augreg2_in21k_ft_in1k] Safe alternative available for 'pytorch_model.bin' (as 'model.safetensors'). Loading weights using safetensors.
save_file ./checkpoints/ImageNetR3/
  0%|          | 0/20 [00:00<?, ?it/s]Task 9, Epoch 1/20 => Loss 1.641, Train_accy 17.73, Test_accy 70.48:   0%|          | 0/20 [00:35<?, ?it/s]Task 9, Epoch 1/20 => Loss 1.641, Train_accy 17.73, Test_accy 70.48:   5%|▌         | 1/20 [00:35<11:18, 35.69s/it]Task 9, Epoch 2/20 => Loss 0.578, Train_accy 56.94:   5%|▌         | 1/20 [00:54<11:18, 35.69s/it]                 Task 9, Epoch 2/20 => Loss 0.578, Train_accy 56.94:  10%|█         | 2/20 [00:54<07:38, 25.49s/it]Task 9, Epoch 3/20 => Loss 0.482, Train_accy 60.95:  10%|█         | 2/20 [01:12<07:38, 25.49s/it]Task 9, Epoch 3/20 => Loss 0.482, Train_accy 60.95:  15%|█▌        | 3/20 [01:12<06:16, 22.17s/it]Task 9, Epoch 4/20 => Loss 0.402, Train_accy 63.89:  15%|█▌        | 3/20 [01:30<06:16, 22.17s/it]Task 9, Epoch 4/20 => Loss 0.402, Train_accy 63.89:  20%|██        | 4/20 [01:30<05:30, 20.66s/it]Task 9, Epoch 5/20 => Loss 0.366, Train_accy 63.70:  20%|██        | 4/20 [01:48<05:30, 20.66s/it]Task 9, Epoch 5/20 => Loss 0.366, Train_accy 63.70:  25%|██▌       | 5/20 [01:48<04:57, 19.84s/it]Task 9, Epoch 6/20 => Loss 0.379, Train_accy 62.67, Test_accy 71.88:  25%|██▌       | 5/20 [02:25<04:57, 19.84s/it]Task 9, Epoch 6/20 => Loss 0.379, Train_accy 62.67, Test_accy 71.88:  30%|███       | 6/20 [02:25<05:54, 25.34s/it]Task 9, Epoch 7/20 => Loss 0.344, Train_accy 63.35:  30%|███       | 6/20 [02:43<05:54, 25.34s/it]                 Task 9, Epoch 7/20 => Loss 0.344, Train_accy 63.35:  35%|███▌      | 7/20 [02:43<04:59, 23.06s/it]Task 9, Epoch 8/20 => Loss 0.339, Train_accy 63.51:  35%|███▌      | 7/20 [03:01<04:59, 23.06s/it]Task 9, Epoch 8/20 => Loss 0.339, Train_accy 63.51:  40%|████      | 8/20 [03:01<04:18, 21.57s/it]Task 9, Epoch 9/20 => Loss 0.325, Train_accy 63.05:  40%|████      | 8/20 [03:20<04:18, 21.57s/it]Task 9, Epoch 9/20 => Loss 0.325, Train_accy 63.05:  45%|████▌     | 9/20 [03:20<03:45, 20.53s/it]Task 9, Epoch 10/20 => Loss 0.281, Train_accy 65.57:  45%|████▌     | 9/20 [03:38<03:45, 20.53s/it]Task 9, Epoch 10/20 => Loss 0.281, Train_accy 65.57:  50%|█████     | 10/20 [03:38<03:18, 19.83s/it]Task 9, Epoch 11/20 => Loss 0.314, Train_accy 63.70, Test_accy 70.28:  50%|█████     | 10/20 [04:13<03:18, 19.83s/it]Task 9, Epoch 11/20 => Loss 0.314, Train_accy 63.70, Test_accy 70.28:  55%|█████▌    | 11/20 [04:13<03:42, 24.68s/it]Task 9, Epoch 12/20 => Loss 0.301, Train_accy 64.81:  55%|█████▌    | 11/20 [04:32<03:42, 24.68s/it]                 Task 9, Epoch 12/20 => Loss 0.301, Train_accy 64.81:  60%|██████    | 12/20 [04:32<03:01, 22.70s/it]Task 9, Epoch 13/20 => Loss 0.293, Train_accy 64.96:  60%|██████    | 12/20 [04:50<03:01, 22.70s/it]Task 9, Epoch 13/20 => Loss 0.293, Train_accy 64.96:  65%|██████▌   | 13/20 [04:50<02:29, 21.37s/it]Task 9, Epoch 14/20 => Loss 0.280, Train_accy 65.57:  65%|██████▌   | 13/20 [05:08<02:29, 21.37s/it]Task 9, Epoch 14/20 => Loss 0.280, Train_accy 65.57:  70%|███████   | 14/20 [05:08<02:02, 20.46s/it]Task 9, Epoch 15/20 => Loss 0.273, Train_accy 66.64:  70%|███████   | 14/20 [05:26<02:02, 20.46s/it]Task 9, Epoch 15/20 => Loss 0.273, Train_accy 66.64:  75%|███████▌  | 15/20 [05:26<01:38, 19.78s/it]Task 9, Epoch 16/20 => Loss 0.270, Train_accy 66.41, Test_accy 70.35:  75%|███████▌  | 15/20 [06:02<01:38, 19.78s/it]Task 9, Epoch 16/20 => Loss 0.270, Train_accy 66.41, Test_accy 70.35:  80%|████████  | 16/20 [06:02<01:38, 24.56s/it]Task 9, Epoch 17/20 => Loss 0.267, Train_accy 65.99:  80%|████████  | 16/20 [06:21<01:38, 24.56s/it]                 Task 9, Epoch 17/20 => Loss 0.267, Train_accy 65.99:  85%|████████▌ | 17/20 [06:21<01:08, 22.70s/it]Task 9, Epoch 18/20 => Loss 0.274, Train_accy 67.06:  85%|████████▌ | 17/20 [06:39<01:08, 22.70s/it]Task 9, Epoch 18/20 => Loss 0.274, Train_accy 67.06:  90%|█████████ | 18/20 [06:39<00:42, 21.36s/it]Task 9, Epoch 19/20 => Loss 0.252, Train_accy 66.49:  90%|█████████ | 18/20 [06:57<00:42, 21.36s/it]Task 9, Epoch 19/20 => Loss 0.252, Train_accy 66.49:  95%|█████████▌| 19/20 [06:57<00:20, 20.42s/it]Task 9, Epoch 20/20 => Loss 0.252, Train_accy 66.68:  95%|█████████▌| 19/20 [07:15<00:20, 20.42s/it]Task 9, Epoch 20/20 => Loss 0.252, Train_accy 66.68: 100%|██████████| 20/20 [07:15<00:00, 19.75s/it]Task 9, Epoch 20/20 => Loss 0.252, Train_accy 66.68: 100%|██████████| 20/20 [07:15<00:00, 21.78s/it]
2026-02-14 19:06:25,190 [sdlora.py] => Task 9, Epoch 20/20 => Loss 0.252, Train_accy 66.68
2026-02-14 19:06:26,136 [sdlora.py] => Saved task checkpoint to: ./checkpoints/ImageNetR3/ckpt_task_9.pt
2026-02-14 19:06:43,466 [trainer.py] => No NME accuracy.
2026-02-14 19:06:43,466 [trainer.py] => CNN: {'total': np.float64(70.08), '00-19': np.float64(66.36), '20-39': np.float64(84.63), '40-59': np.float64(61.38), '60-79': np.float64(64.03), '80-99': np.float64(65.54), '100-119': np.float64(67.95), '120-139': np.float64(74.59), '140-159': np.float64(74.23), '160-179': np.float64(72.55), '180-199': np.float64(69.84), 'old': np.float64(70.11), 'new': np.float64(69.84)}
2026-02-14 19:06:43,467 [trainer.py] => CNN top1 curve: [np.float64(90.81), np.float64(83.79), np.float64(74.03), np.float64(71.26), np.float64(70.66), np.float64(70.13), np.float64(71.58), np.float64(71.35), np.float64(70.66), np.float64(70.08)]
2026-02-14 19:06:43,467 [trainer.py] => CNN top5 curve: [np.float64(98.53), np.float64(95.73), np.float64(94.43), np.float64(93.49), np.float64(92.34), np.float64(91.4), np.float64(91.55), np.float64(91.22), np.float64(91.2), np.float64(90.8)]

Average Accuracy (CNN): 74.43500000000002
2026-02-14 19:06:43,467 [trainer.py] => Average Accuracy (CNN): 74.43500000000002 

Accuracy Matrix (CNN):
[[90.81 76.47 70.04 69.12 68.01 67.1  69.67 67.65 66.91 66.36]
 [ 0.   90.67 84.97 85.84 87.22 69.78 69.78 69.45 67.78 67.95]
 [ 0.    0.   67.5  66.56 65.31 86.7  76.97 76.6  75.5  74.59]
 [ 0.    0.    0.   64.19 65.18 66.25 86.7  73.92 73.92 74.23]
 [ 0.    0.    0.    0.   67.98 62.87 64.99 86.18 73.19 72.55]
 [ 0.    0.    0.    0.    0.   68.54 64.03 65.78 84.97 69.84]
 [ 0.    0.    0.    0.    0.    0.   70.04 63.7  62.79 84.63]
 [ 0.    0.    0.    0.    0.    0.    0.   67.98 63.7  61.38]
 [ 0.    0.    0.    0.    0.    0.    0.    0.   67.6  64.03]
 [ 0.    0.    0.    0.    0.    0.    0.    0.    0.   65.54]]
2026-02-14 19:06:43,467 [trainer.py] => Forgetting (CNN): 12.297777777777778
